,GEOID,totalpop,party,full_name,gini_index_of_income_inequality,median_household_income,white,black,amerindian_native,asian,hawaiian_pacific,other_race,two_more_races,hispanic_latino,citizen_voters,state_district,lackinsurance,csmoking,diabetes,obesity,ghlth,mhlth,url,twitter
0,0620,739352.0,Democrat,Jimmy Panetta,0.4690,75460.0,428821.0,14945.0,7779.0,40200.0,2653.0,213127.0,31827.0,400149.0,434889.0,CA-20,0.158,0.12300000000000001,0.091,0.24,0.191,0.126,https://panetta.house.gov,RepJimmyPanetta
1,1213,735935.0,Democrat,Charlie Crist,0.4805,52081.0,580519.0,91631.0,2073.0,26641.0,756.0,9233.0,25082.0,78500.0,584889.0,FL-13,0.187,0.175,0.10800000000000001,0.27699999999999997,0.191,0.132,https://crist.house.gov,repcharliecrist
2,2701,678418.0,Republican,Jim Hagedorn,0.4400,61247.0,606439.0,21905.0,2013.0,18839.0,1141.0,13714.0,14367.0,46054.0,500330.0,MN-01,0.098,0.146,0.081,0.31,0.128,0.1,https://hagedorn.house.gov,RepHagedorn
3,3410,759704.0,Democrat,"Donald M. Payne, Jr.",0.5086,59101.0,218853.0,390745.0,1661.0,54128.0,241.0,75887.0,18189.0,160348.0,496051.0,NJ-10,0.157,0.165,0.124,0.32799999999999996,0.215,0.13699999999999998,https://payne.house.gov,RepDonaldPayne
4,3905,717088.0,Republican,Robert E. Latta,0.4362,60500.0,654248.0,18872.0,1250.0,9691.0,857.0,10590.0,21580.0,37722.0,549171.0,OH-05,0.085,0.182,0.105,0.345,0.162,0.128,https://latta.house.gov,BobLatta
5,4506,659483.0,Democrat,James E. Clyburn,0.4694,38660.0,256307.0,361797.0,2260.0,7989.0,772.0,10462.0,19896.0,30569.0,506843.0,SC-06,0.19399999999999998,0.20199999999999999,0.146,0.387,0.231,0.158,https://clyburn.house.gov,WhipClyburn
6,3502,700113.0,Republican,Yvette Herrell,0.4855,41569.0,585804.0,15287.0,39115.0,5840.0,690.0,37439.0,15938.0,390187.0,484702.0,NM-02,0.165,0.179,0.115,0.306,0.233,0.14400000000000002,https://herrell.house.gov,RepHerrell
7,3503,698251.0,Democrat,Teresa Leger Fernandez,0.4830,49030.0,463222.0,11028.0,132163.0,9917.0,1599.0,59758.0,20564.0,288964.0,507907.0,NM-03,0.14,0.182,0.109,0.27699999999999997,0.209,0.14400000000000002,https://fernandez.house.gov,RepTeresaLF
8,0607,753640.0,Democrat,Ami Bera,0.4364,79712.0,474784.0,55737.0,6801.0,120343.0,6811.0,32841.0,56323.0,139092.0,537436.0,CA-07,0.08900000000000001,0.109,0.08800000000000001,0.275,0.139,0.115,https://bera.house.gov,RepBera
9,0902,699657.0,Democrat,Joe Courtney,0.4392,77908.0,596505.0,29961.0,2344.0,24302.0,46.0,18801.0,27698.0,61938.0,548572.0,CT-02,0.076,0.128,0.08,0.273,0.12,0.109,https://courtney.house.gov,RepJoeCourtney
10,1708,707268.0,Democrat,Raja Krishnamoorthi,0.4103,72089.0,454580.0,38308.0,6590.0,99254.0,1736.0,87930.0,18870.0,212650.0,442009.0,IL-08,0.129,0.129,0.08199999999999999,0.27,0.14400000000000002,0.105,https://krishnamoorthi.house.gov,congressmanraja
11,2804,774983.0,Republican,Steven M. Palazzo,0.4781,45341.0,552151.0,183657.0,1582.0,10899.0,638.0,9007.0,17049.0,33613.0,579386.0,MS-04,0.161,0.201,0.11199999999999999,0.331,0.21899999999999997,0.138,https://palazzo.house.gov,CongPalazzo
12,4201,713685.0,Republican,Brian K. Fitzpatrick,0.4483,88168.0,610837.0,28311.0,551.0,45393.0,638.0,11729.0,16226.0,41311.0,544860.0,PA-01,0.063,0.149,0.083,0.271,0.129,0.10800000000000001,https://fitzpatrick.house.gov,repbrianfitz
13,5111,798464.0,Democrat,Gerald E. Connolly,0.4127,111279.0,454640.0,103443.0,3018.0,139120.0,803.0,47068.0,50372.0,156255.0,509988.0,VA-11,0.12300000000000001,0.109,0.076,0.223,0.11199999999999999,0.098,https://connolly.house.gov,GerryConnolly
14,2601,699220.0,Republican,Jack Bergman,0.4495,51153.0,643692.0,9447.0,17771.0,5169.0,366.0,2083.0,20692.0,13320.0,564858.0,MI-01,0.084,0.18100000000000002,0.105,0.33,0.162,0.129,https://bergman.house.gov,RepJackBergman
15,4901,776910.0,Republican,Blake D. Moore,0.4016,72123.0,702001.0,10269.0,8207.0,11260.0,2742.0,18326.0,24105.0,100753.0,521517.0,UT-01,0.142,0.10300000000000001,0.07,0.272,0.13,0.125,https://blakemoore.house.gov,RepBlakeMoore
16,1902,783983.0,Republican,Mariannette Miller-Meeks,0.4673,55239.0,700399.0,32975.0,1578.0,18719.0,785.0,9563.0,19964.0,46049.0,581525.0,IA-02,0.08900000000000001,0.171,0.092,0.358,0.151,0.114,https://millermeeks.house.gov,RepMMM
17,3710,762919.0,Republican,Patrick T. McHenry,0.4544,51554.0,614574.0,96167.0,1944.0,13014.0,302.0,19999.0,16919.0,50383.0,585102.0,NC-10,0.15,0.17600000000000002,0.10300000000000001,0.295,0.17800000000000002,0.129,https://mchenry.house.gov,PatrickMcHenry
18,4836,754178.0,Republican,Brian Babin,0.4605,59152.0,619921.0,75145.0,4826.0,15512.0,197.0,18632.0,19945.0,205282.0,519385.0,TX-36,0.198,0.15,0.10400000000000001,0.327,0.171,0.121,https://babin.house.gov,RepBrianBabin
19,0101,715346.0,Republican,Jerry L. Carl,0.4824,46445.0,479949.0,196891.0,6992.0,10627.0,183.0,7691.0,13013.0,24141.0,544464.0,AL-01,0.163,0.2,0.125,0.344,0.22899999999999998,0.152,https://carl.house.gov,RepJerryCarl
20,1304,785104.0,Democrat,"Henry C. ""Hank"" Johnson, Jr.",0.4356,58448.0,210961.0,472419.0,1285.0,49178.0,2848.0,31949.0,16464.0,76482.0,527938.0,GA-04,0.215,0.174,0.11,0.331,0.182,0.127,https://hankjohnson.house.gov,RepHankJohnson
21,3302,669638.0,Democrat,Ann Kuster,0.4561,74144.0,621889.0,10190.0,1839.0,18112.0,293.0,4057.0,13258.0,27499.0,529588.0,NH-02,0.084,0.146,0.081,0.27899999999999997,0.127,0.11599999999999999,https://kuster.house.gov,RepAnnieKuster
22,3613,795633.0,Democrat,Adriano Espaillat,0.5304,44573.0,203890.0,236352.0,8199.0,37783.0,428.0,257220.0,51761.0,438038.0,505003.0,NY-13,0.21100000000000002,0.158,0.12,0.247,0.25,0.149,https://espaillat.house.gov,RepEspaillat
23,3910,725301.0,Republican,Michael R. Turner,0.4688,54026.0,553451.0,121710.0,1847.0,17383.0,414.0,5073.0,25423.0,21916.0,552514.0,OH-10,0.1,0.205,0.12,0.348,0.19699999999999998,0.14,https://turner.house.gov,RepMikeTurner
24,4827,739719.0,Republican,Michael Cloud,0.4623,53789.0,632962.0,41344.0,2329.0,11994.0,648.0,35602.0,14840.0,396568.0,517267.0,TX-27,0.262,0.152,0.133,0.35,0.23,0.126,https://cloud.house.gov,RepCloudTX
25,5103,744804.0,Democrat,"Robert C. ""Bobby"" Scott",0.4686,53533.0,330195.0,340644.0,2653.0,22057.0,684.0,15163.0,33408.0,47779.0,559137.0,VA-03,0.14800000000000002,0.188,0.11699999999999999,0.354,0.184,0.132,https://bobbyscott.house.gov,BobbyScott
26,1901,773628.0,Republican,Ashley Hinson,0.4351,59788.0,701592.0,32960.0,4341.0,14447.0,1669.0,5068.0,13551.0,32452.0,580187.0,IA-01,0.08199999999999999,0.16899999999999998,0.08900000000000001,0.345,0.136,0.109,https://hinson.house.gov,RepAshleyHinson
27,0647,710853.0,Democrat,Alan S. Lowenthal,0.4571,69483.0,363923.0,54180.0,4766.0,164178.0,5794.0,86152.0,31860.0,242234.0,491712.0,CA-47,0.132,0.106,0.09,0.21100000000000002,0.15,0.111,https://lowenthal.house.gov,RepLowenthal
28,4703,736889.0,Republican,"Charles J. ""Chuck"" Fleischmann",0.4821,51610.0,625434.0,78236.0,1735.0,9583.0,1068.0,4345.0,16488.0,31603.0,571456.0,TN-03,0.151,0.215,0.121,0.319,0.214,0.142,https://fleischmann.house.gov,RepChuck
29,4705,777696.0,Democrat,Jim Cooper,0.4786,60611.0,514933.0,190935.0,1173.0,25828.0,852.0,24721.0,19254.0,75284.0,563797.0,TN-05,0.17800000000000002,0.18899999999999997,0.105,0.303,0.17,0.14,https://cooper.house.gov,RepJimCooper
30,4830,804679.0,Democrat,Eddie Bernice Johnson,0.4712,49128.0,404535.0,336430.0,2283.0,14962.0,413.0,31025.0,15031.0,318402.0,479082.0,TX-30,0.272,0.175,0.131,0.366,0.223,0.14400000000000002,https://ebjohnson.house.gov,RepEBJ
31,5505,731341.0,Republican,Scott Fitzgerald,0.4517,70271.0,659846.0,21218.0,2076.0,24913.0,158.0,9253.0,13877.0,42129.0,558805.0,WI-05,0.076,0.14,0.07200000000000001,0.285,0.11900000000000001,0.10400000000000001,https://fitzgerald.house.gov,RepFitzgerald
32,4208,696956.0,Democrat,Matt Cartwright,0.4440,55443.0,602185.0,41398.0,821.0,13750.0,462.0,19021.0,19319.0,86241.0,535133.0,PA-08,0.08,0.196,0.10099999999999999,0.316,0.18,0.13,https://cartwright.house.gov,RepCartwright
33,4210,734849.0,Republican,Scott Perry,0.4575,63748.0,581621.0,85298.0,1534.0,28041.0,353.0,13980.0,24022.0,61607.0,552761.0,PA-10,0.08,0.18,0.098,0.314,0.16699999999999998,0.128,https://perry.house.gov,RepScottPerry
34,2707,663069.0,Republican,Michelle Fischbach,0.4360,58463.0,599813.0,11246.0,19132.0,5728.0,308.0,12271.0,14571.0,33729.0,495727.0,MN-07,0.09300000000000001,0.153,0.08800000000000001,0.321,0.138,0.099,https://fischbach.house.gov,RepFischbach
35,5305,725964.0,Republican,Cathy McMorris Rodgers,0.4599,56330.0,631506.0,11197.0,12465.0,18559.0,3826.0,14465.0,33946.0,49583.0,551532.0,WA-05,0.094,0.151,0.083,0.28,0.147,0.138,https://mcmorris.house.gov,CathyMcMorris
36,0408,794820.0,Republican,Debbie Lesko,0.4137,68097.0,656356.0,39285.0,6764.0,33004.0,2259.0,26855.0,30297.0,160989.0,599423.0,AZ-08,0.115,0.121,0.087,0.261,0.135,0.10300000000000001,https://lesko.house.gov,RepDLesko
37,1313,757521.0,Democrat,David Scott,0.4239,61898.0,220074.0,451182.0,1201.0,21403.0,128.0,37993.0,25540.0,97758.0,523476.0,GA-13,0.21,0.16899999999999998,0.106,0.33899999999999997,0.18,0.126,https://davidscott.house.gov,RepDavidScott
38,2406,758943.0,Democrat,David J. Trone,0.4717,80183.0,504729.0,103706.0,1618.0,81520.0,1162.0,34577.0,31631.0,110002.0,523698.0,MD-06,0.08900000000000001,0.11900000000000001,0.08800000000000001,0.28,0.133,0.111,https://trone.house.gov,repdavidtrone
39,3605,757972.0,Democrat,Gregory W. Meeks,0.4367,73646.0,132518.0,379126.0,3641.0,110675.0,717.0,102284.0,29011.0,135856.0,501784.0,NY-05,0.146,0.14300000000000002,0.11800000000000001,0.27399999999999997,0.195,0.122,https://meeks.house.gov,RepGregoryMeeks
40,3707,809820.0,Republican,David Rouzer,0.4713,49561.0,608837.0,154737.0,5022.0,6822.0,467.0,15679.0,18256.0,77660.0,613510.0,NC-07,0.174,0.182,0.11199999999999999,0.33,0.2,0.135,https://rouzer.house.gov,RepDavidRouzer
41,4805,749808.0,Republican,Lance Gooden,0.4666,51984.0,564747.0,118355.0,3988.0,13423.0,471.0,30494.0,18330.0,218116.0,480610.0,TX-05,0.217,0.162,0.11,0.33299999999999996,0.19,0.13,https://gooden.house.gov,
42,5306,731742.0,Democrat,Derek Kilmer,0.4457,66793.0,592326.0,23020.0,13441.0,32278.0,5372.0,10233.0,55072.0,57204.0,570991.0,WA-06,0.087,0.145,0.092,0.292,0.159,0.126,https://kilmer.house.gov,RepDerekKilmer
43,5508,735997.0,Republican,Mike Gallagher,0.4314,61423.0,662077.0,12052.0,19016.0,15780.0,276.0,9835.0,16961.0,39953.0,556205.0,WI-08,0.08199999999999999,0.156,0.079,0.321,0.133,0.109,https://gallagher.house.gov,RepGallagher
44,2408,784852.0,Democrat,Jamie Raskin,0.4665,107669.0,502193.0,103425.0,1747.0,73074.0,549.0,67453.0,36411.0,125487.0,533774.0,MD-08,0.086,0.096,0.08199999999999999,0.245,0.114,0.1,https://raskin.house.gov,repraskin
45,4818,801885.0,Democrat,Sheila Jackson Lee,0.5053,47969.0,388019.0,288465.0,3717.0,31511.0,1622.0,72098.0,16453.0,343799.0,480387.0,TX-18,0.304,0.168,0.124,0.359,0.218,0.13699999999999998,https://jacksonlee.house.gov,JacksonLeeTX18
46,5503,724568.0,Democrat,Ron Kind,0.4240,57953.0,674388.0,7846.0,3486.0,17386.0,142.0,7457.0,13863.0,20380.0,566700.0,WI-03,0.085,0.16699999999999998,0.076,0.29600000000000004,0.136,0.11599999999999999,https://kind.house.gov,RepRonKind
47,3101,653684.0,Republican,Jeff Fortenberry,0.4183,60057.0,574575.0,18792.0,7691.0,17322.0,538.0,10706.0,24060.0,64232.0,473676.0,NE-01,0.133,0.146,0.087,0.321,0.14,0.106,https://fortenberry.house.gov,JeffFortenberry
48,0104,686297.0,Republican,Robert B. Aderholt,0.4792,45387.0,591084.0,51171.0,4391.0,3072.0,677.0,20337.0,15565.0,44731.0,515701.0,AL-04,0.15,0.20199999999999999,0.12300000000000001,0.345,0.235,0.15,https://aderholt.house.gov,Robert_Aderholt
49,0629,707741.0,Democrat,Tony Cárdenas,0.4521,55176.0,389138.0,27739.0,4958.0,56157.0,1385.0,208277.0,20087.0,476581.0,402898.0,CA-29,0.203,0.121,0.096,0.256,0.192,0.127,https://cardenas.house.gov,RepCardenas
50,1301,744385.0,Republican,"Earl L. ""Buddy"" Carter",0.4833,51829.0,467721.0,217918.0,1520.0,11663.0,3137.0,13521.0,28905.0,50819.0,550713.0,GA-01,0.19,0.18100000000000002,0.10400000000000001,0.32799999999999996,0.18899999999999997,0.128,https://buddycarter.house.gov,RepBuddyCarter
51,1314,722873.0,Republican,Marjorie Taylor Greene,0.4380,50044.0,620751.0,67813.0,2420.0,4977.0,91.0,10493.0,16328.0,84580.0,516434.0,GA-14,0.179,0.174,0.096,0.317,0.182,0.125,https://greene.house.gov,RepMTG
52,2503,771096.0,Democrat,Lori Trahan,0.4638,77480.0,572967.0,32434.0,2247.0,58988.0,198.0,78451.0,25811.0,150515.0,543580.0,MA-03,0.076,0.12300000000000001,0.08199999999999999,0.254,0.142,0.11599999999999999,https://trahan.house.gov,RepLoriTrahan
53,3912,789634.0,Republican,Troy Balderson,0.4553,76690.0,683722.0,36840.0,1594.0,36877.0,136.0,3733.0,26732.0,20689.0,585940.0,OH-12,0.08199999999999999,0.185,0.09699999999999999,0.325,0.157,0.127,https://balderson.house.gov,RepBalderson
54,4816,733764.0,Democrat,Veronica Escobar,0.4900,45430.0,574519.0,25247.0,2619.0,10354.0,1246.0,95537.0,24242.0,595345.0,458940.0,TX-16,0.35100000000000003,0.142,0.146,0.34600000000000003,0.263,0.134,https://escobar.house.gov,RepEscobar
55,0105,725634.0,Republican,Mo Brooks,0.4658,57174.0,539903.0,130913.0,3123.0,12215.0,160.0,19959.0,19361.0,38726.0,551968.0,AL-05,0.149,0.185,0.11199999999999999,0.341,0.214,0.14400000000000002,https://brooks.house.gov,RepMoBrooks
56,1310,767352.0,Republican,Jody B. Hice,0.4549,59229.0,515879.0,200069.0,1096.0,16337.0,237.0,17677.0,16057.0,46502.0,565803.0,GA-10,0.18600000000000003,0.182,0.10300000000000001,0.319,0.18600000000000003,0.133,https://hice.house.gov,congressmanhice
57,2908,737972.0,Republican,Jason Smith,0.4695,41997.0,677504.0,33123.0,3020.0,6108.0,148.0,1713.0,16356.0,13232.0,567717.0,MO-08,0.14300000000000002,0.22399999999999998,0.114,0.358,0.23399999999999999,0.14800000000000002,https://jasonsmith.house.gov,RepJasonSmith
58,3411,744805.0,Democrat,Mikie Sherrill,0.4615,118955.0,605871.0,30778.0,621.0,77937.0,266.0,12989.0,16343.0,91285.0,548734.0,NJ-11,0.086,0.11699999999999999,0.086,0.222,0.132,0.10099999999999999,https://sherrill.house.gov,RepSherrill
59,3902,734712.0,Republican,Brad R. Wenstrup,0.4846,59617.0,626756.0,71218.0,1183.0,14023.0,1326.0,2967.0,17239.0,15103.0,557971.0,OH-02,0.08800000000000001,0.19699999999999998,0.109,0.33,0.182,0.136,https://wenstrup.house.gov,RepBradWenstrup
60,2607,706811.0,Republican,Tim Walberg,0.4412,60727.0,644695.0,28719.0,1947.0,7418.0,86.0,5080.0,18866.0,31975.0,548462.0,MI-07,0.086,0.175,0.095,0.331,0.14800000000000002,0.127,https://walberg.house.gov,RepWalberg
61,3706,772716.0,Democrat,Kathy E. Manning,0.4724,51377.0,550198.0,158359.0,2592.0,14553.0,588.0,29388.0,17038.0,78637.0,567392.0,NC-06,0.166,0.175,0.107,0.319,0.185,0.128,https://manning.house.gov,RepKManning
62,3901,740979.0,Republican,Steve Chabot,0.4826,61397.0,528785.0,153148.0,1049.0,27695.0,0.0,6680.0,23622.0,26112.0,541695.0,OH-01,0.10400000000000001,0.19699999999999998,0.11199999999999999,0.324,0.18600000000000003,0.142,https://chabot.house.gov,RepSteveChabot
63,5107,812385.0,Democrat,Abigail Davis Spanberger,0.4367,78060.0,563699.0,155347.0,1925.0,40821.0,448.0,18065.0,32080.0,60656.0,588061.0,VA-07,0.11,0.157,0.095,0.317,0.141,0.109,https://spanberger.house.gov,RepSpanberger
64,0501,724622.0,Republican,"Eric A. ""Rick"" Crawford",0.4610,41553.0,561702.0,122626.0,2554.0,2796.0,171.0,7266.0,27507.0,24769.0,548710.0,AR-01,0.113,0.213,0.12300000000000001,0.35700000000000004,0.249,0.147,https://crawford.house.gov,RepRickCrawford
65,0611,762290.0,Democrat,Mark DeSaulnier,0.4876,96950.0,419654.0,65509.0,4286.0,115716.0,3689.0,101498.0,51938.0,203319.0,508963.0,CA-11,0.11,0.107,0.087,0.235,0.135,0.111,https://desaulnier.house.gov,RepDeSaulnier
66,2802,695797.0,Democrat,Bennie G. Thompson,0.4815,36899.0,218531.0,465342.0,2068.0,1403.0,115.0,3769.0,4569.0,12593.0,523479.0,MS-02,0.207,0.21899999999999997,0.152,0.389,0.27,0.156,https://benniethompson.house.gov,BennieGThompson
67,4810,896798.0,Republican,Michael T. McCaul,0.4401,80204.0,635232.0,96895.0,6400.0,56253.0,255.0,71815.0,29948.0,256821.0,593629.0,TX-10,0.195,0.132,0.08900000000000001,0.28300000000000003,0.15,0.113,https://mccaul.house.gov,RepMcCaul
68,0649,731513.0,Democrat,Mike Levin,0.4786,94960.0,572343.0,21682.0,3291.0,58447.0,2834.0,34788.0,38128.0,183459.0,519302.0,CA-49,0.10300000000000001,0.10400000000000001,0.075,0.207,0.127,0.10800000000000001,https://mikelevin.house.gov,RepMikeLevin
69,1206,781896.0,Republican,Michael Waltz,0.4640,51745.0,641307.0,82045.0,2596.0,14167.0,120.0,28067.0,13594.0,104987.0,621566.0,FL-06,0.19,0.187,0.11800000000000001,0.302,0.19399999999999998,0.135,https://waltz.house.gov,RepMichaelWaltz
70,2103,749110.0,Democrat,John A. Yarmuth,0.4845,54956.0,525539.0,167681.0,1894.0,22504.0,27.0,12743.0,18722.0,43817.0,553926.0,KY-03,0.087,0.20800000000000002,0.11599999999999999,0.331,0.221,0.136,https://yarmuth.house.gov,RepJohnYarmuth
71,3403,742905.0,Democrat,Andy Kim,0.4474,80451.0,588304.0,83511.0,745.0,26661.0,603.0,20144.0,22937.0,66367.0,570276.0,NJ-03,0.08800000000000001,0.132,0.10400000000000001,0.293,0.151,0.11599999999999999,https://kim.house.gov,RepAndyKimNJ
72,3409,765382.0,Democrat,"Bill Pascrell, Jr.",0.4833,73375.0,453260.0,74660.0,1710.0,102269.0,536.0,112714.0,20233.0,295861.0,481499.0,NJ-09,0.17300000000000001,0.142,0.114,0.243,0.218,0.126,https://pascrell.house.gov,BillPascrell
73,4801,725555.0,Republican,Louie Gohmert,0.4737,51374.0,562287.0,125469.0,3590.0,9682.0,874.0,9216.0,14437.0,132292.0,511974.0,TX-01,0.19899999999999998,0.168,0.11900000000000001,0.35200000000000004,0.20199999999999999,0.132,https://gohmert.house.gov,RepLouieGohmert
74,2501,736481.0,Democrat,Richard E. Neal,0.4640,57381.0,626384.0,51375.0,1622.0,15458.0,189.0,21554.0,19899.0,138855.0,568024.0,MA-01,0.081,0.155,0.09300000000000001,0.276,0.16899999999999998,0.132,https://neal.house.gov,RepRichardNeal
75,3601,718726.0,Republican,Lee M. Zeldin,0.4383,97149.0,616452.0,41995.0,1644.0,32067.0,148.0,10209.0,16211.0,114404.0,530436.0,NY-01,0.086,0.131,0.079,0.251,0.128,0.113,https://zeldin.house.gov,RepLeeZeldin
76,4205,718076.0,Democrat,Mary Gay Scanlon,0.5076,67326.0,460206.0,182343.0,1967.0,49895.0,0.0,5531.0,18134.0,33639.0,519983.0,PA-05,0.08,0.161,0.098,0.281,0.16699999999999998,0.125,https://scanlon.house.gov,RepMGS
77,4817,793513.0,Republican,Pete Sessions,0.4605,53946.0,615999.0,102109.0,3110.0,42096.0,373.0,11538.0,18288.0,210482.0,550601.0,TX-17,0.213,0.153,0.096,0.305,0.175,0.13699999999999998,https://sessions.house.gov,
78,5110,862308.0,Democrat,Jennifer Wexton,0.4329,127220.0,592714.0,57551.0,1581.0,138104.0,682.0,27634.0,44042.0,117246.0,565197.0,VA-10,0.109,0.121,0.079,0.244,0.11699999999999999,0.099,https://wexton.house.gov,RepWexton
79,0401,770392.0,Democrat,Tom O’Halleran,0.4466,55444.0,504227.0,19319.0,180970.0,11798.0,1188.0,24250.0,28640.0,177124.0,568661.0,AZ-01,0.141,0.184,0.113,0.299,0.20199999999999999,0.141,https://ohalleran.house.gov,repohalleran
80,2803,746155.0,Republican,Michael Guest,0.5036,46700.0,444887.0,272635.0,7793.0,8992.0,509.0,4314.0,7025.0,15224.0,559913.0,MS-03,0.168,0.19399999999999998,0.126,0.35,0.22699999999999998,0.14,https://guest.house.gov,RepMichaelGuest
81,3708,797935.0,Republican,Richard Hudson,0.4536,52713.0,525543.0,180732.0,8295.0,21862.0,3111.0,26740.0,31652.0,88667.0,581896.0,NC-08,0.165,0.17300000000000001,0.1,0.317,0.17600000000000002,0.13,https://hudson.house.gov,RepRichHudson
82,4005,822465.0,Republican,Stephanie I. Bice,0.5008,51422.0,563428.0,109854.0,36641.0,26537.0,759.0,33895.0,51351.0,140253.0,561277.0,OK-05,0.175,0.184,0.114,0.33399999999999996,0.20199999999999999,0.15,https://bice.house.gov,RepBice
83,4104,814998.0,Democrat,Peter A. DeFazio,0.4457,52501.0,708868.0,5543.0,10607.0,21313.0,1621.0,24402.0,42644.0,66962.0,638548.0,OR-04,0.111,0.162,0.08800000000000001,0.29,0.159,0.146,https://defazio.house.gov,RepPeterDeFazio
84,0806,835273.0,Democrat,Jason Crow,0.4397,82450.0,614542.0,81416.0,7607.0,51858.0,1486.0,38133.0,40231.0,177001.0,567801.0,CO-06,0.11699999999999999,0.139,0.069,0.24100000000000002,0.122,0.11,https://crow.house.gov,RepJasonCrow
85,1221,785042.0,Democrat,Lois Frankel,0.5173,60316.0,601527.0,120536.0,2249.0,22923.0,441.0,19391.0,17975.0,198016.0,546101.0,FL-21,0.222,0.159,0.113,0.231,0.18899999999999997,0.122,https://frankel.house.gov,RepLoisFrankel
86,1222,753363.0,Democrat,Theodore E. Deutch,0.5218,64211.0,575793.0,111541.0,1591.0,22493.0,446.0,21940.0,19559.0,165952.0,534846.0,FL-22,0.207,0.14400000000000002,0.096,0.233,0.162,0.124,https://teddeutch.house.gov,RepTedDeutch
87,2507,820086.0,Democrat,Ayanna Pressley,0.5123,70019.0,413896.0,198972.0,4105.0,88517.0,772.0,57732.0,56092.0,186622.0,558430.0,MA-07,0.10099999999999999,0.14800000000000002,0.086,0.251,0.16,0.142,https://pressley.house.gov,RepPressley
88,3620,722529.0,Democrat,Paul Tonko,0.4468,67253.0,567734.0,69955.0,2447.0,37561.0,1054.0,12644.0,31134.0,49509.0,557251.0,NY-20,0.08800000000000001,0.154,0.087,0.266,0.149,0.12300000000000001,https://tonko.house.gov,RepPaulTonko
89,3916,719864.0,Republican,Anthony Gonzalez,0.4254,68706.0,662093.0,21642.0,1071.0,15917.0,45.0,3737.0,15359.0,16943.0,553316.0,OH-16,0.07200000000000001,0.165,0.098,0.294,0.146,0.11599999999999999,https://anthonygonzalez.house.gov,RepAGonzalez
90,4809,786925.0,Democrat,Al Green,0.4452,48100.0,265656.0,298391.0,2319.0,93502.0,227.0,112833.0,13997.0,307972.0,445634.0,TX-09,0.29600000000000004,0.161,0.12300000000000001,0.344,0.214,0.132,https://algreen.house.gov,RepAlGreen
91,0618,750295.0,Democrat,Anna G. Eshoo,0.5045,141661.0,474238.0,16550.0,2638.0,180901.0,677.0,38312.0,36979.0,123135.0,491580.0,CA-18,0.084,0.091,0.07400000000000001,0.193,0.11599999999999999,0.095,https://eshoo.house.gov,RepAnnaEshoo
92,1223,756447.0,Democrat,Debbie Wasserman Schultz,0.5026,64119.0,533202.0,110474.0,3817.0,35644.0,710.0,43865.0,28735.0,299664.0,510212.0,FL-23,0.23399999999999999,0.136,0.099,0.24,0.17,0.12300000000000001,https://wassermanschultz.house.gov,RepDWStweets
93,1306,754299.0,Democrat,Lucy McBath,0.4625,97290.0,518775.0,98130.0,7170.0,96303.0,356.0,11749.0,21816.0,93027.0,496468.0,GA-06,0.175,0.128,0.076,0.24100000000000002,0.11900000000000001,0.102,https://mcbath.house.gov,replucymcbath
94,1717,679926.0,Democrat,Cheri Bustos,0.4445,47853.0,553346.0,80141.0,1776.0,10393.0,245.0,11838.0,22187.0,60034.0,512994.0,IL-17,0.11,0.179,0.109,0.355,0.18600000000000003,0.125,https://bustos.house.gov,RepCheri
95,2407,716136.0,Democrat,Kweisi Mfume,0.5039,60729.0,251762.0,374252.0,1811.0,52833.0,4539.0,8977.0,21962.0,34379.0,528398.0,MD-07,0.1,0.171,0.11800000000000001,0.35200000000000004,0.177,0.138,https://mfume.house.gov,RepKweisiMfume
96,2606,721736.0,Republican,Fred Upton,0.4505,55442.0,607696.0,58328.0,3136.0,11341.0,573.0,11033.0,29629.0,46202.0,541981.0,MI-06,0.09699999999999999,0.182,0.099,0.319,0.161,0.13699999999999998,https://upton.house.gov,RepFredUpton
97,2906,780002.0,Republican,Sam Graves,0.4400,61209.0,702748.0,33495.0,3588.0,9883.0,348.0,6153.0,23787.0,31814.0,583457.0,MO-06,0.128,0.193,0.095,0.332,0.18,0.131,https://graves.house.gov,RepSamGraves
98,3603,707576.0,Democrat,Thomas R. Suozzi,0.4847,122464.0,518549.0,21650.0,892.0,125574.0,86.0,24909.0,15916.0,73370.0,521235.0,NY-03,0.08199999999999999,0.114,0.08900000000000001,0.23199999999999998,0.126,0.099,https://suozzi.house.gov,RepTomSuozzi
99,5507,710420.0,Republican,Thomas P. Tiffany,0.4348,57200.0,660634.0,5661.0,13419.0,12134.0,538.0,4104.0,13930.0,17298.0,552651.0,WI-07,0.078,0.166,0.085,0.316,0.139,0.10800000000000001,https://tiffany.house.gov,
100,0648,719486.0,Republican,Michelle Steel,0.4862,95136.0,459456.0,12424.0,2217.0,146976.0,2095.0,63570.0,32748.0,148913.0,529832.0,CA-48,0.09300000000000001,0.094,0.084,0.185,0.126,0.10099999999999999,https://steel.house.gov,RepSteel
101,1209,902812.0,Democrat,Darren Soto,0.4320,55082.0,670309.0,111993.0,2464.0,27123.0,16.0,58851.0,32056.0,386712.0,644898.0,FL-09,0.263,0.183,0.122,0.32799999999999996,0.21899999999999997,0.142,https://soto.house.gov,RepDarrenSoto
102,1809,755264.0,Republican,Trey Hollingsworth,0.4357,56522.0,687866.0,22072.0,1234.0,18873.0,346.0,5518.0,19355.0,25656.0,575308.0,IN-09,0.111,0.212,0.09699999999999999,0.321,0.18600000000000003,0.146,https://hollingsworth.house.gov,reptrey
103,2104,754387.0,Republican,Thomas Massie,0.4496,63562.0,693312.0,25869.0,849.0,8646.0,213.0,9340.0,16158.0,25598.0,565232.0,KY-04,0.073,0.204,0.1,0.326,0.191,0.13699999999999998,https://massie.house.gov,RepThomasMassie
104,2612,709832.0,Democrat,Debbie Dingell,0.4865,59332.0,549015.0,80720.0,2273.0,42832.0,230.0,11542.0,23220.0,43833.0,526943.0,MI-12,0.096,0.171,0.083,0.284,0.141,0.139,https://debbiedingell.house.gov,RepDebDingell
105,3301,686820.0,Democrat,Chris Pappas,0.4499,75587.0,632042.0,13242.0,1723.0,17936.0,222.0,4956.0,16699.0,25149.0,540224.0,NH-01,0.085,0.15,0.08,0.281,0.125,0.11800000000000001,https://pappas.house.gov,RepChrisPappas
106,3914,720551.0,Republican,David P. Joyce,0.4610,71751.0,649331.0,35441.0,569.0,16156.0,355.0,4629.0,14070.0,23393.0,553668.0,OH-14,0.076,0.175,0.10400000000000001,0.295,0.155,0.11900000000000001,https://joyce.house.gov,RepDaveJoyce
107,1227,763812.0,Republican,Maria Elvira Salazar,0.5621,61358.0,669096.0,35881.0,265.0,15734.0,0.0,29464.0,13372.0,555585.0,464604.0,FL-27,0.317,0.155,0.129,0.284,0.22899999999999998,0.133,https://salazar.house.gov,RepMariaSalazar
108,0409,794188.0,Democrat,Greg Stanton,0.4745,60705.0,586360.0,50086.0,24636.0,45699.0,4401.0,45142.0,37864.0,213397.0,562791.0,AZ-09,0.149,0.15,0.078,0.278,0.153,0.126,https://stanton.house.gov,RepGregStanton
109,3204,772433.0,Democrat,Steven Horsford,0.4544,57915.0,472099.0,106135.0,10576.0,43538.0,7731.0,88254.0,44100.0,247081.0,516951.0,NV-04,0.177,0.183,0.102,0.278,0.19399999999999998,0.128,https://horsford.house.gov,RepHorsford
110,0653,796701.0,Democrat,Sara Jacobs,0.4206,79898.0,513966.0,63941.0,2703.0,114377.0,4094.0,47671.0,49949.0,274402.0,563962.0,CA-53,0.11699999999999999,0.111,0.083,0.21899999999999997,0.141,0.111,https://sarajacobs.house.gov,RepSaraJacobs
111,0903,712272.0,Democrat,Rosa L. DeLauro,0.4700,70498.0,514402.0,104950.0,1242.0,32902.0,64.0,37368.0,21344.0,114435.0,535024.0,CT-03,0.094,0.131,0.08800000000000001,0.284,0.142,0.113,https://delauro.house.gov,RosaDeLauro
112,1502,711205.0,Democrat,Kaiali’i Kahele,0.4593,76116.0,223195.0,11237.0,2609.0,182819.0,92334.0,12067.0,186944.0,85077.0,506514.0,HI-02,0.08800000000000001,0.136,0.098,0.24,0.142,0.111,https://kahele.house.gov,RepKahele
113,1802,723483.0,Republican,Jackie Walorski,0.4462,54263.0,616378.0,49889.0,2915.0,9346.0,504.0,21096.0,23355.0,73761.0,522778.0,IN-02,0.125,0.20800000000000002,0.106,0.34700000000000003,0.19899999999999998,0.141,https://walorski.house.gov,RepWalorski
114,3203,846761.0,Democrat,Susie Lee,0.4592,73507.0,534704.0,69957.0,4236.0,121484.0,4340.0,56812.0,55228.0,154616.0,607915.0,NV-03,0.133,0.16,0.08800000000000001,0.237,0.152,0.113,https://susielee.house.gov,RepSusieLee
115,4217,717264.0,Democrat,Conor Lamb,0.4649,67064.0,629316.0,43985.0,628.0,22145.0,25.0,3182.0,17983.0,13090.0,559285.0,PA-17,0.062,0.168,0.09,0.276,0.133,0.111,https://lamb.house.gov,RepConorLamb
116,4503,697467.0,Republican,Jeff Duncan,0.4706,48048.0,534791.0,126928.0,1989.0,5646.0,231.0,11789.0,16093.0,36902.0,534772.0,SC-03,0.151,0.182,0.11800000000000001,0.326,0.183,0.139,https://jeffduncan.house.gov,RepJeffDuncan
117,5501,717716.0,Republican,Bryan Steil,0.4332,67231.0,628476.0,40798.0,1898.0,13495.0,262.0,13767.0,19020.0,72096.0,539789.0,WI-01,0.091,0.158,0.077,0.317,0.139,0.109,https://steil.house.gov,RepBryanSteil
118,2004,724099.0,Republican,Ron Estes,0.4434,55392.0,587113.0,52096.0,8592.0,21522.0,526.0,24093.0,30157.0,90488.0,515676.0,KS-04,0.154,0.174,0.105,0.327,0.168,0.124,https://estes.house.gov,RepRonEstes
119,2201,806638.0,Republican,Steve Scalise,0.4791,58256.0,634048.0,112895.0,10809.0,20878.0,173.0,9225.0,18610.0,71074.0,594231.0,LA-01,0.115,0.191,0.105,0.324,0.185,0.142,https://scalise.house.gov,SteveScalise
120,0632,716199.0,Democrat,Grace F. Napolitano,0.4212,70814.0,369379.0,19399.0,9652.0,133003.0,3683.0,119936.0,61147.0,449372.0,449452.0,CA-32,0.17,0.098,0.096,0.225,0.16399999999999998,0.10800000000000001,https://napolitano.house.gov,GraceNapolitano
121,1204,819177.0,Republican,John H. Rutherford,0.4774,71858.0,662790.0,74267.0,2692.0,36847.0,65.0,15921.0,26595.0,72602.0,614794.0,FL-04,0.161,0.177,0.08900000000000001,0.271,0.154,0.125,https://rutherford.house.gov,RepRutherfordFL
122,1208,768139.0,Republican,Bill Posey,0.4599,57866.0,639295.0,72300.0,2505.0,16407.0,875.0,7354.0,29403.0,87477.0,610604.0,FL-08,0.184,0.17300000000000001,0.11199999999999999,0.292,0.191,0.132,https://posey.house.gov,CongBillPosey
123,2106,778826.0,Republican,Andy Barr,0.4631,52598.0,655551.0,66818.0,992.0,14654.0,104.0,14615.0,26092.0,37396.0,581992.0,KY-06,0.08800000000000001,0.21100000000000002,0.10300000000000001,0.327,0.2,0.15,https://barr.house.gov,RepAndyBarr
124,2801,769595.0,Republican,Trent Kelly,0.4577,48063.0,519886.0,213965.0,1791.0,4848.0,110.0,12688.0,16307.0,25696.0,577880.0,MS-01,0.158,0.185,0.11800000000000001,0.35200000000000004,0.21899999999999997,0.138,https://trentkelly.house.gov,reptrentkelly
125,5101,813878.0,Republican,Robert J. Wittman,0.4016,90234.0,586080.0,132600.0,2333.0,27329.0,377.0,30862.0,34297.0,97345.0,590281.0,VA-01,0.111,0.151,0.09300000000000001,0.304,0.142,0.109,https://wittman.house.gov,RobWittman
126,1305,793039.0,Democrat,Nikema Williams,0.5436,57270.0,251276.0,466017.0,1970.0,30640.0,510.0,19305.0,23321.0,52678.0,587385.0,GA-05,0.22899999999999998,0.18,0.10800000000000001,0.307,0.183,0.134,https://nikemawilliams.house.gov,RepNikema
127,1308,714720.0,Republican,Austin Scott,0.4977,45710.0,446473.0,224512.0,2424.0,13368.0,103.0,12973.0,14867.0,46945.0,527338.0,GA-08,0.198,0.19,0.115,0.353,0.205,0.135,https://austinscott.house.gov,AustinScottGA08
128,1716,684888.0,Republican,Adam Kinzinger,0.4299,61773.0,619708.0,25648.0,1341.0,11044.0,176.0,11562.0,15409.0,70798.0,520730.0,IL-16,0.09699999999999999,0.16,0.092,0.318,0.159,0.11599999999999999,https://kinzinger.house.gov,RepKinzinger
129,2509,742570.0,Democrat,William R. Keating,0.4588,70895.0,649447.0,24810.0,2788.0,11093.0,153.0,35464.0,18815.0,47572.0,573274.0,MA-09,0.057999999999999996,0.146,0.09,0.265,0.138,0.11599999999999999,https://keating.house.gov,USRepKeating
130,3102,673005.0,Republican,Don Bacon,0.4713,67293.0,544472.0,64342.0,4379.0,24168.0,90.0,14597.0,20957.0,78057.0,467041.0,NE-02,0.145,0.161,0.091,0.317,0.142,0.114,https://bacon.house.gov,repdonbacon
131,3903,812264.0,Democrat,Joyce Beatty,0.4431,47980.0,435291.0,276374.0,2310.0,37678.0,68.0,21435.0,39108.0,57550.0,560963.0,OH-03,0.12300000000000001,0.23199999999999998,0.11,0.355,0.19399999999999998,0.162,https://beatty.house.gov,RepBeatty
132,1808,718591.0,Republican,Larry Bucshon,0.4488,52785.0,659502.0,34314.0,407.0,5948.0,148.0,5930.0,12342.0,18872.0,549149.0,IN-08,0.107,0.21,0.107,0.344,0.19699999999999998,0.14400000000000002,https://bucshon.house.gov,RepLarryBucshon
133,0612,764043.0,Democrat,Nancy Pelosi,0.5240,113919.0,365047.0,39056.0,2208.0,249380.0,1750.0,57825.0,48777.0,109698.0,571300.0,CA-12,0.092,0.109,0.081,0.17,0.11800000000000001,0.102,https://pelosi.house.gov,SpeakerPelosi
134,2605,671115.0,Democrat,Daniel T. Kildee,0.4634,46649.0,519531.0,117802.0,2293.0,5568.0,66.0,4129.0,21726.0,33836.0,520558.0,MI-05,0.106,0.19699999999999998,0.12,0.366,0.188,0.14400000000000002,https://dankildee.house.gov,RepDanKildee
135,3703,756375.0,Republican,Gregory F. Murphy,0.4473,50333.0,548289.0,153235.0,3427.0,10733.0,641.0,12615.0,27435.0,61432.0,579504.0,NC-03,0.16,0.17600000000000002,0.102,0.32,0.179,0.13,https://gregmurphy.house.gov,RepGregMurphy
136,4802,803041.0,Republican,Dan Crenshaw,0.4804,77668.0,530501.0,104364.0,3093.0,61941.0,288.0,85581.0,17273.0,253375.0,520180.0,TX-02,0.21899999999999997,0.128,0.085,0.281,0.141,0.109,https://crenshaw.house.gov,RepDanCrenshaw
137,4102,831343.0,Republican,Cliff Bentz,0.4544,56358.0,752017.0,5956.0,15829.0,10435.0,1882.0,15377.0,29847.0,118199.0,619186.0,OR-02,0.11699999999999999,0.16699999999999998,0.094,0.28600000000000003,0.168,0.138,https://bentz.house.gov,RepBentz
138,0502,765124.0,Republican,J. Hill,0.4911,50381.0,540548.0,174846.0,4030.0,13008.0,868.0,12113.0,19711.0,40484.0,570220.0,AR-02,0.11,0.192,0.102,0.319,0.198,0.135,https://hill.house.gov,RepFrenchHill
139,2204,747314.0,Republican,Mike Johnson,0.4897,39485.0,448036.0,257496.0,5155.0,7916.0,538.0,11046.0,17127.0,29762.0,559310.0,LA-04,0.134,0.223,0.131,0.37200000000000005,0.23,0.161,https://mikejohnson.house.gov,RepMikeJohnson
140,4808,871420.0,Republican,Kevin Brady,0.4862,71748.0,726274.0,71309.0,2727.0,27241.0,367.0,22294.0,21208.0,208341.0,584039.0,TX-08,0.183,0.158,0.1,0.331,0.165,0.12,https://kevinbrady.house.gov,RepKevinBrady
141,4835,818369.0,Democrat,Lloyd Doggett,0.4545,49904.0,604156.0,70848.0,7018.0,14993.0,157.0,96876.0,24321.0,505374.0,532967.0,TX-35,0.317,0.165,0.11900000000000001,0.336,0.23800000000000002,0.14400000000000002,https://doggett.house.gov,RepLloydDoggett
142,3103,602579.0,Republican,Adrian Smith,0.4372,52101.0,547943.0,8087.0,6485.0,4289.0,661.0,21170.0,13944.0,72194.0,439543.0,NE-03,0.139,0.154,0.105,0.353,0.161,0.105,https://adriansmith.house.gov,RepAdrianSmith
143,5303,743322.0,Republican,Jaime Herrera Beutler,0.4296,67621.0,638152.0,9261.0,8275.0,23483.0,5570.0,17874.0,40707.0,73378.0,544994.0,WA-03,0.09,0.155,0.09300000000000001,0.332,0.16,0.125,https://jhb.house.gov,HerreraBeutler
144,1215,808723.0,Republican,C. Scott Franklin,0.4345,56096.0,598144.0,127840.0,3034.0,24983.0,379.0,27821.0,26522.0,185313.0,578715.0,FL-15,0.21100000000000002,0.18600000000000003,0.10300000000000001,0.309,0.19,0.141,https://franklin.house.gov,RepFranklin
145,1225,775326.0,Republican,Mario Diaz-Balart,0.4538,53826.0,697177.0,36179.0,1050.0,8252.0,0.0,22569.0,10099.0,585299.0,453055.0,FL-25,0.36,0.16699999999999998,0.139,0.306,0.26,0.14,https://mariodiazbalart.house.gov,MarioDB
146,4709,712723.0,Democrat,Steve Cohen,0.4963,38077.0,188242.0,479340.0,1117.0,12314.0,74.0,20336.0,11300.0,49961.0,507231.0,TN-09,0.223,0.231,0.139,0.377,0.245,0.158,https://cohen.house.gov,RepCohen
147,3202,729771.0,Republican,Mark E. Amodei,0.4427,64888.0,578423.0,14156.0,17657.0,29443.0,3918.0,60273.0,25901.0,168405.0,531489.0,NV-02,0.138,0.16899999999999998,0.083,0.24600000000000002,0.16899999999999998,0.13,https://amodei.house.gov,MarkAmodeiNV2
148,3623,693764.0,Republican,Tom Reed,0.4540,51675.0,626291.0,20315.0,4333.0,16129.0,214.0,10620.0,15862.0,28333.0,544564.0,NY-23,0.08800000000000001,0.166,0.092,0.28300000000000003,0.16399999999999998,0.131,https://reed.house.gov,RepTomReed
149,4002,747632.0,Republican,Markwayne Mullin,0.4738,42692.0,494182.0,24525.0,133425.0,4307.0,1191.0,10733.0,79269.0,40658.0,564213.0,OK-02,0.146,0.215,0.132,0.374,0.235,0.155,https://mullin.house.gov,RepMullin
150,0804,836061.0,Republican,Ken Buck,0.4392,77737.0,749846.0,13167.0,5711.0,20314.0,1339.0,16855.0,28829.0,178614.0,598599.0,CO-04,0.11900000000000001,0.136,0.07,0.25,0.129,0.11,https://buck.house.gov,RepKenBuck
151,1309,765320.0,Republican,Andrew S. Clyde,0.4505,58233.0,672568.0,46909.0,1485.0,9854.0,1947.0,15476.0,17081.0,101876.0,556967.0,GA-09,0.18100000000000002,0.16699999999999998,0.10099999999999999,0.3,0.17800000000000002,0.122,https://clyde.house.gov,
152,5600,577737.0,Republican,Liz Cheney,0.4555,61584.0,528453.0,3667.0,16185.0,5807.0,1111.0,8798.0,13716.0,57895.0,433644.0,WY-00,0.147,0.172,0.08199999999999999,0.289,0.142,0.113,https://cheney.house.gov,RepLizCheney
153,2102,769850.0,Republican,Brett Guthrie,0.4624,50792.0,685076.0,35956.0,2452.0,13122.0,2735.0,8462.0,22047.0,25454.0,577362.0,KY-02,0.08,0.21100000000000002,0.107,0.33299999999999996,0.21100000000000002,0.146,https://guthrie.house.gov,RepGuthrie
154,3412,756016.0,Democrat,Bonnie Watson Coleman,0.4715,89457.0,429129.0,133509.0,1725.0,127002.0,342.0,39776.0,24533.0,137269.0,505683.0,NJ-12,0.12,0.131,0.096,0.265,0.156,0.11599999999999999,https://watsoncoleman.house.gov,RepBonnie
155,3705,762960.0,Republican,Virginia Foxx,0.4930,47651.0,601222.0,114729.0,4205.0,12012.0,1797.0,14266.0,14729.0,73619.0,572721.0,NC-05,0.168,0.187,0.10400000000000001,0.312,0.182,0.134,https://foxx.house.gov,VirginiaFoxx
156,5104,747291.0,Democrat,A. Donald McEachin,0.4641,60160.0,395229.0,306710.0,1588.0,13221.0,343.0,7770.0,22430.0,43787.0,579606.0,VA-04,0.139,0.18100000000000002,0.11699999999999999,0.34700000000000003,0.18,0.13,https://mceachin.house.gov,RepMcEachin
157,5310,756028.0,Democrat,Marilyn Strickland,0.4082,69374.0,544535.0,49610.0,8849.0,53693.0,13657.0,25695.0,59989.0,92629.0,544552.0,WA-10,0.09300000000000001,0.149,0.091,0.289,0.155,0.129,https://strickland.house.gov,RepStricklandWA
158,0623,747852.0,Republican,Kevin McCarthy,0.4837,56995.0,558772.0,44943.0,7917.0,38586.0,1575.0,62353.0,33706.0,313758.0,490446.0,CA-23,0.14,0.141,0.09300000000000001,0.27699999999999997,0.183,0.13,https://kevinmccarthy.house.gov,GOPLeader
159,0625,716257.0,Republican,Mike Garcia,0.4480,82243.0,453617.0,52356.0,4779.0,61896.0,1139.0,104617.0,37853.0,290118.0,482964.0,CA-25,0.127,0.11199999999999999,0.081,0.22899999999999998,0.142,0.115,https://mikegarcia.house.gov,repmikegarcia
160,1501,709286.0,Democrat,Ed Case,0.4305,84947.0,122457.0,17088.0,628.0,351660.0,52637.0,5985.0,158831.0,66279.0,509992.0,HI-01,0.073,0.106,0.107,0.21100000000000002,0.131,0.087,https://case.house.gov,RepEdCase
161,2404,760398.0,Democrat,Anthony Brown,0.4171,84059.0,211823.0,397886.0,1055.0,24360.0,187.0,98434.0,26653.0,131619.0,503398.0,MD-04,0.111,0.13,0.109,0.371,0.14400000000000002,0.115,https://anthonybrown.house.gov,RepAnthonyBrown
162,0643,753696.0,Democrat,Maxine Waters,0.4637,64721.0,307860.0,160048.0,4743.0,104116.0,2583.0,143823.0,30523.0,364583.0,454185.0,CA-43,0.16699999999999998,0.11900000000000001,0.102,0.258,0.17800000000000002,0.121,https://waters.house.gov,RepMaxineWaters
163,0651,747510.0,Democrat,Juan Vargas,0.4285,50101.0,503283.0,51898.0,4579.0,59053.0,3125.0,99723.0,25849.0,532365.0,445034.0,CA-51,0.205,0.131,0.115,0.282,0.22399999999999998,0.133,https://vargas.house.gov,RepJuanVargas
164,1214,782973.0,Democrat,Kathy Castor,0.5098,55729.0,531821.0,140825.0,1824.0,35850.0,0.0,32896.0,39757.0,249606.0,534225.0,FL-14,0.243,0.19,0.102,0.295,0.212,0.151,https://castor.house.gov,USRepKCastor
165,4105,844006.0,Democrat,Kurt Schrader,0.4600,65506.0,705370.0,9703.0,9342.0,22490.0,5115.0,52136.0,39850.0,145700.0,606523.0,OR-05,0.11599999999999999,0.14800000000000002,0.08800000000000001,0.28600000000000003,0.156,0.132,https://schrader.house.gov,RepSchrader
166,5402,624120.0,Republican,Alexander Mooney,0.4650,48525.0,571744.0,28834.0,1352.0,5377.0,269.0,3319.0,13225.0,13528.0,487208.0,WV-02,0.096,0.222,0.131,0.377,0.231,0.154,https://mooney.house.gov,RepAlexMooney
167,3201,685427.0,Democrat,Dina Titus,0.4779,40175.0,339750.0,90137.0,12197.0,55672.0,3623.0,153447.0,30601.0,311043.0,418811.0,NV-01,0.23399999999999999,0.201,0.11900000000000001,0.292,0.24100000000000002,0.141,https://titus.house.gov,RepDinaTitus
168,1226,790373.0,Republican,Carlos A. Gimenez,0.4587,61501.0,624225.0,87276.0,5058.0,12069.0,509.0,45302.0,15934.0,568892.0,476033.0,FL-26,0.327,0.168,0.121,0.295,0.228,0.14,https://gimenez.house.gov,RepCarlos
169,1712,687072.0,Republican,Mike Bost,0.4665,50556.0,533450.0,117582.0,1329.0,8924.0,110.0,8331.0,17346.0,21908.0,528398.0,IL-12,0.10400000000000001,0.18100000000000002,0.10400000000000001,0.355,0.18100000000000002,0.127,https://bost.house.gov,RepBost
170,1903,843598.0,Democrat,Cynthia Axne,0.4341,66630.0,743399.0,36515.0,1985.0,29566.0,478.0,9957.0,21698.0,59471.0,601044.0,IA-03,0.08800000000000001,0.159,0.085,0.361,0.139,0.11,https://axne.house.gov,RepCindyAxne
171,2203,783545.0,Republican,Clay Higgins,0.4705,48837.0,551911.0,197823.0,2586.0,10513.0,0.0,4487.0,16225.0,32653.0,577604.0,LA-03,0.12,0.205,0.11199999999999999,0.341,0.204,0.152,https://clayhiggins.house.gov,RepClayHiggins
172,2403,754636.0,Democrat,John P. Sarbanes,0.4487,91265.0,465062.0,173443.0,2041.0,57822.0,174.0,28615.0,27479.0,67780.0,545892.0,MD-03,0.08199999999999999,0.134,0.086,0.284,0.127,0.11599999999999999,https://sarbanes.house.gov,RepSarbanes
173,2903,793405.0,Republican,Blaine Luetkemeyer,0.4120,64722.0,736054.0,28334.0,1643.0,6692.0,903.0,2889.0,16890.0,19356.0,602748.0,MO-03,0.11699999999999999,0.18600000000000003,0.09,0.32299999999999995,0.17300000000000001,0.126,https://luetkemeyer.house.gov,RepBlaine
174,0200,737438.0,Republican,Don Young,0.4322,74346.0,474555.0,25197.0,111371.0,46381.0,7958.0,9780.0,62196.0,53069.0,532244.0,AK-00,0.11699999999999999,0.17600000000000002,0.07400000000000001,0.326,0.145,0.113,https://donyoung.house.gov,RepDonYoung
175,1601,912950.0,Republican,Russ Fulcher,0.4405,56709.0,815218.0,6900.0,14043.0,13943.0,2030.0,32623.0,28193.0,99625.0,661724.0,ID-01,0.152,0.141,0.086,0.293,0.146,0.11800000000000001,https://fulcher.house.gov,RepRussFulcher
176,0637,738174.0,Democrat,Karen Bass,0.5155,62038.0,355343.0,153069.0,6731.0,78857.0,1491.0,111987.0,30696.0,303939.0,468463.0,CA-37,0.159,0.125,0.1,0.259,0.177,0.126,https://bass.house.gov,RepKarenBass
177,0802,812357.0,Democrat,Joe Neguse,0.4629,81753.0,733767.0,7708.0,3519.0,25225.0,265.0,13391.0,28482.0,92806.0,619285.0,CO-02,0.1,0.13,0.057999999999999996,0.19399999999999998,0.111,0.11199999999999999,https://neguse.house.gov,RepJoeNeguse
178,2905,771847.0,Democrat,Emanuel Cleaver,0.4500,52235.0,530873.0,170287.0,2174.0,12887.0,3029.0,23087.0,29510.0,71048.0,573775.0,MO-05,0.16699999999999998,0.207,0.10800000000000001,0.33299999999999996,0.187,0.139,https://cleaver.house.gov,RepCleaver
179,3615,743959.0,Democrat,Ritchie Torres,0.5131,30483.0,128998.0,274909.0,5635.0,17342.0,1700.0,284182.0,31193.0,486485.0,410819.0,NY-15,0.257,0.188,0.141,0.35200000000000004,0.31,0.16399999999999998,https://ritchietorres.house.gov,RepRitchie
180,3915,759569.0,Republican,Steve Stivers,0.4493,63144.0,679312.0,36182.0,1063.0,19593.0,86.0,2709.0,20624.0,17367.0,586092.0,OH-15,0.086,0.191,0.095,0.327,0.159,0.134,https://stivers.house.gov,RepSteveStivers
181,5000,626299.0,Democrat,Peter Welch,0.4473,60782.0,589337.0,7621.0,1743.0,11859.0,139.0,2815.0,12785.0,12450.0,500274.0,VT-00,0.08,0.146,0.076,0.263,0.126,0.122,https://welch.house.gov,PeterWelch
182,0801,841497.0,Democrat,Diana DeGette,0.4903,71198.0,658995.0,65739.0,7236.0,29889.0,1253.0,46922.0,31463.0,227592.0,619349.0,CO-01,0.146,0.14400000000000002,0.068,0.20600000000000002,0.141,0.11199999999999999,https://degette.house.gov,RepDianaDeGette
183,1211,789849.0,Republican,Daniel Webster,0.4381,47017.0,693614.0,55539.0,2713.0,8909.0,31.0,10931.0,18112.0,89397.0,652135.0,FL-11,0.183,0.18,0.133,0.301,0.204,0.12300000000000001,https://webster.house.gov,RepWebster
184,1703,704050.0,Democrat,Marie Newman,0.4589,66862.0,554906.0,35460.0,3459.0,31306.0,158.0,63289.0,15472.0,228203.0,479004.0,IL-03,0.14,0.131,0.087,0.276,0.156,0.106,https://newman.house.gov,RepMarieNewman
185,2706,722715.0,Republican,Tom Emmer,0.3944,82078.0,646833.0,26704.0,2829.0,19476.0,33.0,8805.0,18035.0,25002.0,525551.0,MN-06,0.084,0.15,0.065,0.309,0.113,0.098,https://emmer.house.gov,RepTomEmmer
186,3408,764837.0,Democrat,Albio Sires,0.5084,65465.0,408879.0,74690.0,5422.0,76486.0,0.0,169696.0,29664.0,424366.0,425604.0,NJ-08,0.203,0.156,0.107,0.28600000000000003,0.218,0.134,https://sires.house.gov,RepSires
187,3904,707219.0,Republican,Jim Jordan,0.4180,55425.0,637111.0,35888.0,3610.0,8129.0,74.0,4479.0,17928.0,27388.0,542874.0,OH-04,0.08900000000000001,0.19699999999999998,0.109,0.35600000000000004,0.174,0.131,https://jordan.house.gov,Jim_Jordan
188,3906,694694.0,Republican,Bill Johnson,0.4654,47470.0,658447.0,15368.0,1304.0,3887.0,0.0,2074.0,13614.0,6563.0,545803.0,OH-06,0.086,0.203,0.121,0.358,0.205,0.13699999999999998,https://billjohnson.house.gov,RepBillJohnson
189,3907,734091.0,Republican,Bob Gibbs,0.4309,57055.0,677610.0,28285.0,1645.0,4713.0,0.0,3780.0,18058.0,18719.0,557024.0,OH-07,0.084,0.192,0.109,0.35100000000000003,0.175,0.128,https://gibbs.house.gov,RepBobGibbs
190,0636,752138.0,Democrat,Raul Ruiz,0.5217,48230.0,500142.0,34742.0,7241.0,31560.0,1644.0,153319.0,23490.0,352652.0,536333.0,CA-36,0.171,0.136,0.11900000000000001,0.289,0.195,0.134,https://ruiz.house.gov,RepRaulRuizMD
191,0807,801315.0,Democrat,Ed Perlmutter,0.4138,73244.0,696949.0,13627.0,6442.0,24425.0,451.0,25102.0,34319.0,236119.0,576138.0,CO-07,0.133,0.146,0.069,0.242,0.129,0.111,https://perlmutter.house.gov,RepPerlmutter
192,3401,731297.0,Democrat,Donald Norcross,0.4565,71299.0,486685.0,129837.0,822.0,40308.0,63.0,50696.0,22886.0,105997.0,542034.0,NJ-01,0.111,0.165,0.109,0.315,0.18600000000000003,0.128,https://norcross.house.gov,DonaldNorcross
193,3608,791211.0,Democrat,Hakeem S. Jeffries,0.5263,55439.0,246189.0,404883.0,1929.0,49353.0,77.0,61137.0,27643.0,141315.0,540660.0,NY-08,0.151,0.15,0.12,0.268,0.2,0.131,https://jeffries.house.gov,RepJeffries
194,4101,858910.0,Democrat,Suzanne Bonamici,0.4487,78111.0,682996.0,18791.0,5374.0,69904.0,4836.0,33889.0,43120.0,128145.0,606198.0,OR-01,0.10800000000000001,0.13,0.075,0.272,0.128,0.122,https://bonamici.house.gov,RepBonamici
195,4215,680927.0,Republican,Glenn Thompson,0.4263,50166.0,649327.0,11851.0,792.0,5334.0,174.0,2896.0,10553.0,10122.0,548615.0,PA-15,0.071,0.191,0.098,0.331,0.175,0.13,https://thompson.house.gov,CongressmanGT
196,4216,686525.0,Republican,Mike Kelly,0.4574,51536.0,623500.0,32918.0,1349.0,8556.0,63.0,4596.0,15543.0,18201.0,539710.0,PA-16,0.073,0.19899999999999998,0.098,0.33399999999999996,0.179,0.134,https://kelly.house.gov,MikeKellyPA
197,5401,606136.0,Republican,David B. McKinley,0.4695,46867.0,569483.0,16341.0,833.0,5765.0,13.0,1988.0,11713.0,7663.0,486327.0,WV-01,0.10099999999999999,0.228,0.125,0.363,0.22399999999999998,0.158,https://mckinley.house.gov,RepMcKinley
198,5308,754721.0,Democrat,Kim Schrier,0.4392,85924.0,560125.0,23330.0,8189.0,71094.0,4732.0,39906.0,47345.0,85384.0,522952.0,WA-08,0.086,0.114,0.07200000000000001,0.242,0.125,0.11800000000000001,https://schrier.house.gov,RepKimSchrier
199,1804,768025.0,Republican,James R. Baird,0.4274,59033.0,679224.0,31603.0,1826.0,24154.0,120.0,14054.0,17044.0,48814.0,567094.0,IN-04,0.114,0.19899999999999998,0.099,0.331,0.183,0.14300000000000002,https://baird.house.gov,RepJimBaird
200,2402,768511.0,Democrat,C. A. Dutch Ruppersberger,0.4324,71411.0,405867.0,272284.0,1475.0,41651.0,440.0,15739.0,31055.0,51397.0,560167.0,MD-02,0.087,0.154,0.092,0.318,0.149,0.127,https://ruppersberger.house.gov,Call_Me_Dutch
201,2902,760689.0,Republican,Ann Wagner,0.4517,85654.0,669924.0,29119.0,1685.0,40337.0,665.0,3084.0,15875.0,21247.0,575828.0,MO-02,0.1,0.14800000000000002,0.083,0.261,0.147,0.111,https://wagner.house.gov,RepAnnWagner
202,3607,720811.0,Democrat,Nydia M. Velázquez,0.5493,60853.0,363279.0,73871.0,3175.0,121103.0,973.0,122882.0,35528.0,286681.0,446196.0,NY-07,0.19,0.14300000000000002,0.106,0.218,0.204,0.13,https://velazquez.house.gov,NydiaVelazquez
203,5307,799589.0,Democrat,Pramila Jayapal,0.4755,92711.0,579901.0,32500.0,3442.0,104256.0,2594.0,22680.0,54216.0,62587.0,600321.0,WA-07,0.08800000000000001,0.09699999999999999,0.063,0.209,0.11,0.11599999999999999,https://jayapal.house.gov,RepJayapal
204,0406,783621.0,Republican,David Schweikert,0.4912,73608.0,663178.0,26842.0,12702.0,35839.0,838.0,18430.0,25792.0,140297.0,577899.0,AZ-06,0.11,0.131,0.081,0.265,0.132,0.109,https://schweikert.house.gov,RepDavid
205,0407,854749.0,Democrat,Ruben Gallego,0.4561,46053.0,607405.0,82671.0,30209.0,19817.0,176.0,78407.0,36064.0,548361.0,454957.0,AZ-07,0.27,0.191,0.11,0.349,0.255,0.157,https://rubengallego.house.gov,RepRubenGallego
206,0604,754525.0,Republican,Tom McClintock,0.4579,77592.0,636599.0,10014.0,4749.0,43292.0,1624.0,21489.0,36758.0,107905.0,573118.0,CA-04,0.078,0.11199999999999999,0.086,0.233,0.128,0.10800000000000001,https://mcclintock.house.gov,RepMcClintock
207,0633,704818.0,Democrat,Ted Lieu,0.5361,114080.0,506075.0,29120.0,2800.0,99123.0,630.0,22895.0,44175.0,96694.0,517251.0,CA-33,0.079,0.094,0.07,0.193,0.102,0.099,https://lieu.house.gov,RepTedLieu
208,1210,839504.0,Democrat,Val Butler Demings,0.4776,56262.0,479216.0,237772.0,3835.0,41302.0,930.0,49281.0,27168.0,238792.0,546157.0,FL-10,0.244,0.168,0.106,0.292,0.195,0.141,https://demings.house.gov,RepValDemings
209,3616,732981.0,Democrat,Jamaal Bowman,0.5713,70740.0,334077.0,239144.0,2789.0,36612.0,305.0,93276.0,26778.0,197260.0,498243.0,NY-16,0.128,0.128,0.106,0.266,0.17800000000000002,0.11699999999999999,https://bowman.house.gov,RepBowman
210,4504,736750.0,Republican,William R. Timmons IV,0.4570,58602.0,536500.0,135926.0,5485.0,19469.0,1314.0,18275.0,19781.0,63356.0,533533.0,SC-04,0.152,0.163,0.106,0.312,0.16899999999999998,0.131,https://timmons.house.gov,RepTimmons
211,4505,731341.0,Republican,Ralph Norman,0.4733,52045.0,494957.0,194577.0,3419.0,9808.0,86.0,10826.0,17668.0,33024.0,552247.0,SC-05,0.146,0.17800000000000002,0.121,0.34299999999999997,0.187,0.136,https://norman.house.gov,RepRalphNorman
212,4706,784725.0,Republican,John Rose,0.4509,57059.0,707579.0,36384.0,1507.0,7195.0,593.0,11154.0,20313.0,34953.0,591603.0,TN-06,0.14400000000000002,0.212,0.113,0.319,0.205,0.138,https://johnrose.house.gov,RepJohnRose
213,4708,699385.0,Republican,David Kustoff,0.4955,55945.0,530025.0,132504.0,2134.0,15446.0,0.0,5288.0,13988.0,26572.0,525277.0,TN-08,0.14800000000000002,0.207,0.11699999999999999,0.33399999999999996,0.204,0.135,https://kustoff.house.gov,repdavidkustoff
214,0402,724747.0,Democrat,Ann Kirkpatrick,0.4661,53292.0,584070.0,28469.0,13349.0,21765.0,1139.0,39945.0,36010.0,211844.0,550044.0,AZ-02,0.132,0.152,0.092,0.263,0.163,0.12,https://kirkpatrick.house.gov,RepKirkpatrick
215,0405,841344.0,Republican,Andy Biggs,0.4238,78797.0,700892.0,35213.0,10581.0,41526.0,1031.0,22035.0,30066.0,146748.0,587681.0,AZ-05,0.10800000000000001,0.124,0.078,0.258,0.126,0.10400000000000001,https://biggs.house.gov,RepAndyBiggsAZ
216,0610,761485.0,Democrat,Josh Harder,0.4382,65609.0,573461.0,24578.0,6704.0,54882.0,5838.0,51190.0,44832.0,341074.0,493409.0,CA-10,0.136,0.126,0.09300000000000001,0.254,0.16899999999999998,0.13,https://harder.house.gov,RepJoshHarder
217,4004,791927.0,Republican,Tom Cole,0.4317,56342.0,591941.0,52439.0,43374.0,18498.0,1156.0,21846.0,62673.0,73895.0,589702.0,OK-04,0.14300000000000002,0.179,0.1,0.33899999999999997,0.184,0.142,https://cole.house.gov,TomColeOK04
218,0614,759415.0,Democrat,Jackie Speier,0.4784,117054.0,328620.0,21827.0,2455.0,266053.0,9036.0,80155.0,51269.0,176159.0,511049.0,CA-14,0.098,0.09,0.084,0.18899999999999997,0.127,0.094,https://speier.house.gov,RepSpeier
219,0627,705509.0,Democrat,Judy Chu,0.4941,76515.0,266686.0,28424.0,2216.0,282449.0,945.0,96228.0,28561.0,196507.0,471963.0,CA-27,0.11,0.08800000000000001,0.096,0.184,0.131,0.092,https://chu.house.gov,RepJudyChu
220,1202,733749.0,Republican,Neal P. Dunn,0.4663,48356.0,587260.0,92184.0,3345.0,12107.0,579.0,15539.0,22735.0,49645.0,573718.0,FL-02,0.191,0.21600000000000003,0.11,0.321,0.21100000000000002,0.14400000000000002,https://dunn.house.gov,drnealdunnfl2
221,1205,738862.0,Democrat,"Al Lawson, Jr.",0.4788,42704.0,331585.0,351034.0,2734.0,20493.0,344.0,9945.0,22727.0,64891.0,541992.0,FL-05,0.23,0.228,0.122,0.363,0.23,0.159,https://lawson.house.gov,RepAlLawsonJr
222,1715,691196.0,Republican,Mary E. Miller,0.4413,53042.0,639755.0,31004.0,1228.0,3770.0,282.0,2998.0,12159.0,18636.0,532371.0,IL-15,0.092,0.16899999999999998,0.099,0.34299999999999997,0.16699999999999998,0.12,https://marymiller.house.gov,RepMaryMiller
223,2101,721124.0,Republican,James Comer,0.4916,44309.0,641142.0,49665.0,1301.0,4625.0,1714.0,4621.0,18056.0,21680.0,552530.0,KY-01,0.084,0.225,0.12,0.35200000000000004,0.23399999999999999,0.151,https://comer.house.gov,RepJamesComer
224,3625,718565.0,Democrat,Joseph D. Morelle,0.4600,59776.0,537966.0,111729.0,3122.0,28244.0,171.0,15041.0,22292.0,66334.0,543698.0,NY-25,0.098,0.16,0.094,0.287,0.149,0.129,https://morelle.house.gov,RepJoeMorelle
225,3626,707190.0,Democrat,Brian Higgins,0.4719,51292.0,497126.0,128856.0,2773.0,31890.0,22.0,21067.0,25456.0,49758.0,539694.0,NY-26,0.102,0.191,0.106,0.3,0.18899999999999997,0.136,https://higgins.house.gov,RepBrianHiggins
226,3908,731637.0,Republican,Warren Davidson,0.4381,56963.0,640979.0,44808.0,1248.0,16544.0,0.0,6862.0,21196.0,26611.0,546406.0,OH-08,0.09,0.198,0.10400000000000001,0.332,0.17800000000000002,0.134,https://davidson.house.gov,WarrenDavidson
227,4211,737394.0,Republican,Lloyd Smucker,0.4277,66863.0,656429.0,28887.0,1971.0,14129.0,493.0,18436.0,17049.0,69093.0,553568.0,PA-11,0.075,0.156,0.092,0.322,0.162,0.124,https://smucker.house.gov,RepSmucker
228,0103,708409.0,Republican,Mike Rogers,0.4923,45832.0,490987.0,183949.0,1300.0,13049.0,0.0,6291.0,12833.0,22102.0,543854.0,AL-03,0.157,0.20199999999999999,0.125,0.344,0.231,0.153,https://mikerogers.house.gov,RepMikeRogersAL
229,0641,775626.0,Democrat,Mark Takano,0.4218,67606.0,388905.0,69240.0,4023.0,52523.0,1350.0,226903.0,32682.0,485439.0,478613.0,CA-41,0.174,0.136,0.096,0.285,0.18,0.14,https://takano.house.gov,RepMarkTakano
230,0644,725177.0,Democrat,Nanette Diaz Barragán,0.4504,53711.0,320876.0,111873.0,4247.0,36898.0,7805.0,223763.0,19715.0,519448.0,395819.0,CA-44,0.213,0.126,0.107,0.27899999999999997,0.209,0.132,https://barragan.house.gov,RepBarragan
231,1311,781313.0,Republican,Barry Loudermilk,0.4654,76779.0,570501.0,130277.0,1696.0,29460.0,1934.0,24954.0,22491.0,84514.0,559687.0,GA-11,0.171,0.14800000000000002,0.08199999999999999,0.299,0.14,0.113,https://loudermilk.house.gov,RepLoudermilk
232,1706,730345.0,Democrat,Sean Casten,0.4523,101493.0,600898.0,17193.0,955.0,72910.0,64.0,18100.0,20225.0,73998.0,523796.0,IL-06,0.08199999999999999,0.124,0.081,0.275,0.124,0.1,https://casten.house.gov,RepCasten
233,3405,730707.0,Democrat,Josh Gottheimer,0.4633,106927.0,578080.0,38676.0,2251.0,79469.0,0.0,12348.0,19883.0,106341.0,527932.0,NJ-05,0.094,0.124,0.095,0.226,0.14400000000000002,0.105,https://gottheimer.house.gov,RepJoshG
234,0603,748104.0,Democrat,John Garamendi,0.4478,68609.0,512748.0,42954.0,8233.0,87457.0,7200.0,40541.0,48971.0,223566.0,504299.0,CA-03,0.11800000000000001,0.126,0.087,0.264,0.158,0.124,https://garamendi.house.gov,RepGaramendi
235,0803,753595.0,Republican,Lauren Boebert,0.4606,55215.0,675510.0,7103.0,17765.0,6997.0,160.0,30019.0,16041.0,187724.0,565901.0,CO-03,0.134,0.16,0.085,0.247,0.16899999999999998,0.121,https://boebert.house.gov,RepBoebert
236,2708,672274.0,Republican,Pete Stauber,0.4307,56656.0,620998.0,6969.0,17995.0,4815.0,284.0,2507.0,18706.0,12100.0,527541.0,MN-08,0.091,0.171,0.08900000000000001,0.301,0.141,0.102,https://stauber.house.gov,RepPeteStauber
237,0106,713595.0,Republican,Gary J. Palmer,0.4667,66835.0,556700.0,109254.0,1512.0,13683.0,545.0,15654.0,16247.0,33522.0,535753.0,AL-06,0.135,0.165,0.1,0.316,0.17300000000000001,0.132,https://palmer.house.gov,USRepGaryPalmer
238,1212,792410.0,Republican,Gus M. Bilirakis,0.4613,54563.0,686843.0,38884.0,2834.0,20897.0,588.0,16698.0,25666.0,107036.0,605983.0,FL-12,0.174,0.17800000000000002,0.109,0.284,0.18899999999999997,0.129,https://bilirakis.house.gov,RepGusBilirakis
239,1220,809153.0,Democrat,Alcee L. Hastings,0.4671,48003.0,295544.0,434883.0,849.0,25202.0,1087.0,24194.0,27394.0,209094.0,507613.0,FL-20,0.27899999999999997,0.19,0.121,0.297,0.22399999999999998,0.151,https://alceehastings.house.gov,RepHastingsFL
240,1702,694459.0,Democrat,Robin L. Kelly,0.4685,49210.0,253856.0,393578.0,1139.0,6314.0,95.0,25713.0,13764.0,103443.0,497132.0,IL-02,0.149,0.16899999999999998,0.128,0.366,0.214,0.126,https://robinkelly.house.gov,RepRobinKelly
241,2704,717766.0,Democrat,Betty McCollum,0.4698,71503.0,500450.0,75003.0,4597.0,92962.0,155.0,13045.0,31554.0,48079.0,510862.0,MN-04,0.10400000000000001,0.135,0.075,0.256,0.12,0.105,https://mccollum.house.gov,BettyMcCollum04
242,2904,770500.0,Republican,Vicky Hartzler,0.4359,50838.0,686709.0,33920.0,5257.0,13518.0,350.0,4827.0,25919.0,30694.0,584925.0,MO-04,0.142,0.205,0.098,0.32899999999999996,0.19399999999999998,0.142,https://hartzler.house.gov,RepHartzler
243,4218,683571.0,Democrat,Michael F. Doyle,0.4976,52307.0,506153.0,122406.0,1251.0,28496.0,157.0,3689.0,21419.0,16804.0,544390.0,PA-18,0.083,0.19,0.099,0.287,0.156,0.129,https://doyle.house.gov,USRepMikeDoyle
244,5102,743410.0,Democrat,Elaine G. Luria,0.4402,71088.0,491633.0,149840.0,2357.0,44229.0,479.0,18438.0,36434.0,63771.0,559397.0,VA-02,0.12,0.157,0.092,0.28600000000000003,0.133,0.114,https://luria.house.gov,RepElaineLuria
245,3709,792434.0,Republican,Dan Bishop,0.5209,61156.0,510575.0,153740.0,61608.0,29200.0,438.0,17248.0,19625.0,63584.0,561804.0,NC-09,0.159,0.177,0.109,0.325,0.188,0.132,https://danbishop.house.gov,RepDanBishop
246,1218,780772.0,Republican,Brian J. Mast,0.4966,60483.0,611308.0,104795.0,381.0,17963.0,525.0,21936.0,23864.0,128302.0,599873.0,FL-18,0.192,0.16399999999999998,0.107,0.26,0.17600000000000002,0.122,https://mast.house.gov,repbrianmast
247,1303,740700.0,Republican,A. Drew Ferguson IV,0.4601,60265.0,499401.0,188551.0,3992.0,16496.0,894.0,14394.0,16972.0,45194.0,548941.0,GA-03,0.171,0.171,0.10099999999999999,0.32,0.175,0.12300000000000001,https://ferguson.house.gov,RepDrewFerguson
248,2703,723994.0,Democrat,Dean Phillips,0.4698,90442.0,569372.0,63310.0,1360.0,55202.0,339.0,10189.0,24222.0,29677.0,517834.0,MN-03,0.081,0.111,0.063,0.23800000000000002,0.095,0.085,https://phillips.house.gov,RepDeanPhillips
249,4202,727380.0,Democrat,Brendan F. Boyle,0.4884,42568.0,333199.0,196199.0,2602.0,57767.0,315.0,109753.0,27545.0,190084.0,496510.0,PA-02,0.139,0.21,0.11699999999999999,0.306,0.222,0.155,https://boyle.house.gov,CongBoyle
250,4701,720358.0,Republican,Diana Harshbarger,0.4726,43606.0,677690.0,15508.0,2400.0,5702.0,972.0,4987.0,13099.0,28015.0,563918.0,TN-01,0.151,0.22899999999999998,0.124,0.33899999999999997,0.228,0.14800000000000002,https://harshbarger.house.gov,RepHarshbarger
251,5301,768363.0,Democrat,Suzan K. DelBene,0.4378,100810.0,594158.0,10649.0,9426.0,92675.0,1210.0,25332.0,34913.0,68076.0,519555.0,WA-01,0.08199999999999999,0.114,0.071,0.251,0.11900000000000001,0.11,https://delbene.house.gov,RepDelBene
252,3624,701664.0,Republican,John Katko,0.4609,58526.0,591774.0,62932.0,3461.0,17694.0,105.0,5772.0,19926.0,32587.0,539797.0,NY-24,0.08900000000000001,0.172,0.091,0.29,0.16,0.131,https://katko.house.gov,RepJohnKatko
253,4819,731759.0,Republican,Jodey C. Arrington,0.4673,49446.0,601004.0,45575.0,6035.0,13229.0,580.0,43292.0,22044.0,276461.0,509891.0,TX-19,0.235,0.156,0.111,0.33399999999999996,0.205,0.133,https://arrington.house.gov,RepArrington
254,4824,817147.0,Republican,Beth Van Duyne,0.4667,74264.0,512935.0,110412.0,3351.0,117466.0,1797.0,47511.0,23675.0,203656.0,503766.0,TX-24,0.183,0.132,0.086,0.284,0.14800000000000002,0.113,https://vanduyne.house.gov,RepBethVanDuyne
255,5504,710573.0,Democrat,Gwen Moore,0.4905,45057.0,351094.0,234575.0,3294.0,31139.0,268.0,59336.0,30867.0,127197.0,493143.0,WI-04,0.145,0.2,0.092,0.325,0.20800000000000002,0.152,https://gwenmoore.house.gov,RepGwenMoore
256,0905,706597.0,Democrat,Jahana Hayes,0.4970,70742.0,553493.0,55886.0,2653.0,26089.0,176.0,46527.0,21773.0,141805.0,511395.0,CT-05,0.095,0.125,0.086,0.268,0.135,0.10800000000000001,https://hayes.house.gov,RepJahanaHayes
257,1711,722584.0,Democrat,Bill Foster,0.4267,79003.0,496219.0,76321.0,3335.0,58102.0,418.0,58508.0,29681.0,210124.0,472244.0,IL-11,0.128,0.142,0.091,0.318,0.161,0.113,https://foster.house.gov,RepBillFoster
258,2003,775243.0,Democrat,Sharice Davids,0.4701,76385.0,619413.0,62214.0,2399.0,38097.0,1615.0,25315.0,26190.0,95844.0,534532.0,KS-03,0.13699999999999998,0.135,0.086,0.293,0.127,0.1,https://davids.house.gov,RepDavids
259,4401,532590.0,Democrat,David N. Cicilline,0.4951,58556.0,407075.0,45855.0,1707.0,16633.0,723.0,42630.0,17967.0,100684.0,395409.0,RI-01,0.098,0.147,0.091,0.29100000000000004,0.166,0.13699999999999998,https://cicilline.house.gov,RepCicilline
260,4501,809610.0,Republican,Nancy Mace,0.4690,70335.0,596258.0,154046.0,2094.0,15292.0,1334.0,20133.0,20453.0,54494.0,613912.0,SC-01,0.13699999999999998,0.15,0.098,0.293,0.141,0.12300000000000001,https://mace.house.gov,RepNancyMace
261,2301,685535.0,Democrat,Chellie Pingree,0.4362,66516.0,642636.0,11986.0,1909.0,11378.0,444.0,2476.0,14706.0,12892.0,546625.0,ME-01,0.107,0.138,0.081,0.255,0.11900000000000001,0.114,https://pingree.house.gov,ChelliePingree
262,2504,766019.0,Democrat,Jake Auchincloss,0.5003,98914.0,651373.0,26402.0,1147.0,50401.0,127.0,16664.0,19905.0,39516.0,559943.0,MA-04,0.05,0.13,0.079,0.25,0.12300000000000001,0.111,https://auchincloss.house.gov,RepAuchincloss
263,4209,702489.0,Republican,Daniel Meuser,0.4382,57572.0,643082.0,19626.0,644.0,8666.0,137.0,18873.0,11461.0,49849.0,555775.0,PA-09,0.07200000000000001,0.17600000000000002,0.095,0.33,0.171,0.125,https://meuser.house.gov,RepMeuser
264,4707,786523.0,Republican,Mark E. Green,0.4954,58614.0,656918.0,81711.0,4170.0,16825.0,1669.0,6718.0,18512.0,41102.0,578288.0,TN-07,0.149,0.21600000000000003,0.11,0.317,0.201,0.14,https://markgreen.house.gov,RepMarkGreen
265,0631,751527.0,Democrat,Pete Aguilar,0.4467,65319.0,472619.0,76166.0,3930.0,54119.0,4024.0,101105.0,39564.0,408571.0,482081.0,CA-31,0.162,0.134,0.102,0.302,0.195,0.131,https://aguilar.house.gov,reppeteaguilar
266,3610,711678.0,Democrat,Jerrold Nadler,0.5851,93766.0,495680.0,22645.0,2626.0,134537.0,87.0,30890.0,25213.0,91548.0,473542.0,NY-10,0.10400000000000001,0.122,0.076,0.162,0.132,0.115,https://nadler.house.gov,RepJerryNadler
267,4812,812102.0,Republican,Kay Granger,0.4580,68248.0,643801.0,69789.0,5536.0,32593.0,1222.0,34625.0,24536.0,190147.0,572411.0,TX-12,0.18100000000000002,0.14300000000000002,0.095,0.311,0.175,0.12,https://kaygranger.house.gov,RepKayGranger
268,5502,768067.0,Democrat,Mark Pocan,0.4447,67394.0,660542.0,33402.0,3727.0,33480.0,194.0,12207.0,24515.0,51357.0,577976.0,WI-02,0.091,0.146,0.07,0.278,0.127,0.114,https://pocan.house.gov,RepMarkPocan
269,0613,764304.0,Democrat,Barbara Lee,0.5059,82237.0,312333.0,126848.0,5142.0,161671.0,5356.0,97130.0,55824.0,168664.0,536892.0,CA-13,0.11699999999999999,0.11800000000000001,0.085,0.23399999999999999,0.146,0.113,https://lee.house.gov,RepBarbaraLee
270,0652,767172.0,Democrat,Scott H. Peters,0.4595,100124.0,505924.0,27211.0,3142.0,153271.0,2180.0,28270.0,47174.0,115282.0,546843.0,CA-52,0.08199999999999999,0.10099999999999999,0.069,0.19,0.10800000000000001,0.1,https://scottpeters.house.gov,RepScottPeters
271,1203,758275.0,Republican,Kat Cammack,0.4843,51047.0,565612.0,127519.0,1709.0,25902.0,426.0,11718.0,25389.0,79676.0,579993.0,FL-03,0.20600000000000002,0.20199999999999999,0.102,0.319,0.19899999999999998,0.151,https://cammack.house.gov,RepKatCammack
272,1904,754936.0,Republican,Randy Feenstra,0.4220,56622.0,700709.0,12687.0,3590.0,17239.0,531.0,6125.0,14055.0,53501.0,564463.0,IA-04,0.09,0.166,0.09300000000000001,0.354,0.153,0.11199999999999999,https://feenstra.house.gov,RepFeenstra
273,2610,722722.0,Republican,Lisa C. McClain,0.4336,64378.0,664624.0,21764.0,1742.0,14989.0,392.0,4435.0,14776.0,25031.0,553804.0,MI-10,0.078,0.179,0.09,0.32,0.152,0.125,https://mcclain.house.gov,RepLisaMcClain
274,3621,701112.0,Republican,Elise M. Stefanik,0.4379,56487.0,643832.0,22513.0,5670.0,7630.0,512.0,8877.0,12078.0,24214.0,551303.0,NY-21,0.084,0.16899999999999998,0.08900000000000001,0.29,0.153,0.125,https://stefanik.house.gov,RepStefanik
275,3702,858938.0,Democrat,Deborah K. Ross,0.4491,71232.0,609822.0,159101.0,3663.0,19838.0,1081.0,32078.0,33355.0,90028.0,601142.0,NC-02,0.15,0.158,0.09699999999999999,0.311,0.16,0.12,https://ross.house.gov,RepDeborahRoss
276,4206,734876.0,Democrat,Chrissy Houlahan,0.4663,84628.0,600135.0,48066.0,508.0,32630.0,0.0,32478.0,21059.0,115981.0,522912.0,PA-06,0.08900000000000001,0.16399999999999998,0.091,0.302,0.165,0.124,https://houlahan.house.gov,RepHoulahan
277,5309,765285.0,Democrat,Adam Smith,0.4710,84768.0,367222.0,97348.0,5106.0,178518.0,12410.0,55554.0,49127.0,101779.0,499184.0,WA-09,0.10300000000000001,0.096,0.078,0.212,0.126,0.113,https://adamsmith.house.gov,RepAdamSmith
278,1000,967171.0,Democrat,Lisa Blunt Rochester,0.4587,64805.0,659781.0,217594.0,4397.0,39023.0,896.0,19652.0,25828.0,91975.0,720867.0,DE-00,0.131,0.16399999999999998,0.102,0.321,0.18100000000000002,0.133,https://bluntrochester.house.gov,RepLBR
279,0403,798359.0,Democrat,Raúl M. Grijalva,0.4469,50291.0,564199.0,40208.0,40005.0,16746.0,2281.0,99418.0,35502.0,506933.0,500787.0,AZ-03,0.222,0.171,0.105,0.324,0.225,0.141,https://grijalva.house.gov,RepraulGrijalva
280,0601,711282.0,Republican,Doug LaMalfa,0.4613,55316.0,605294.0,12691.0,11320.0,19443.0,882.0,24748.0,36904.0,98995.0,553702.0,CA-01,0.09300000000000001,0.139,0.095,0.257,0.162,0.129,https://lamalfa.house.gov,RepLaMalfa
281,0621,713625.0,Republican,David G. Valadao,0.4373,44561.0,510358.0,30157.0,7915.0,28192.0,1368.0,114712.0,20923.0,530114.0,354669.0,CA-21,0.242,0.16899999999999998,0.114,0.32899999999999996,0.27399999999999997,0.155,https://valadao.house.gov,
282,2705,718802.0,Democrat,Ilhan Omar,0.4833,65782.0,484065.0,122385.0,9613.0,42670.0,70.0,29171.0,30828.0,68067.0,517155.0,MN-05,0.122,0.141,0.067,0.26,0.125,0.107,https://omar.house.gov,Ilhan
283,0606,777985.0,Democrat,Doris O. Matsui,0.4605,60661.0,386232.0,99593.0,5130.0,128292.0,11778.0,85618.0,61342.0,224299.0,506434.0,CA-06,0.13,0.132,0.10099999999999999,0.303,0.183,0.136,https://matsui.house.gov,DorisMatsui
284,0635,769589.0,Democrat,Norma J. Torres,0.3948,66131.0,341427.0,42948.0,7224.0,57508.0,791.0,285674.0,34017.0,555178.0,450565.0,CA-35,0.19,0.124,0.099,0.294,0.198,0.127,https://torres.house.gov,NormaJTorres
285,2702,714141.0,Democrat,Angie Craig,0.4106,86218.0,601405.0,40131.0,3444.0,33434.0,66.0,13112.0,22549.0,45305.0,511914.0,MN-02,0.087,0.139,0.067,0.299,0.10400000000000001,0.091,https://craig.house.gov,RepAngieCraig
286,3406,730114.0,Democrat,"Frank Pallone, Jr.",0.4471,85365.0,452053.0,81928.0,2515.0,135462.0,385.0,35906.0,21865.0,165414.0,502463.0,NJ-06,0.125,0.13,0.09300000000000001,0.272,0.156,0.12,https://pallone.house.gov,FrankPallone
287,4702,753229.0,Republican,Tim Burchett,0.4624,54284.0,669804.0,46359.0,2039.0,11840.0,0.0,6770.0,16417.0,32404.0,583056.0,TN-02,0.147,0.21100000000000002,0.105,0.3,0.188,0.141,https://burchett.house.gov,RepTimBurchett
288,0602,722370.0,Democrat,Jared Huffman,0.5088,77550.0,575564.0,11236.0,15063.0,31398.0,1003.0,49361.0,38745.0,130024.0,534951.0,CA-02,0.09300000000000001,0.12,0.087,0.235,0.142,0.11900000000000001,https://huffman.house.gov,RepHuffman
289,4003,778026.0,Republican,Frank D. Lucas,0.4467,53419.0,617671.0,30541.0,44811.0,10533.0,362.0,24589.0,49519.0,80140.0,571661.0,OK-03,0.147,0.182,0.10800000000000001,0.35600000000000004,0.19399999999999998,0.142,https://lucas.house.gov,RepFrankLucas
290,4902,779772.0,Republican,Chris Stewart,0.4465,62424.0,644977.0,9845.0,9239.0,18207.0,8365.0,64551.0,24588.0,123282.0,529608.0,UT-02,0.157,0.102,0.077,0.268,0.138,0.12300000000000001,https://stewart.house.gov,RepChrisStewart
291,0609,775148.0,Democrat,Jerry McNerney,0.4437,69769.0,439731.0,69964.0,5821.0,116574.0,3279.0,55875.0,83904.0,304076.0,482967.0,CA-09,0.142,0.122,0.096,0.289,0.172,0.124,https://mcnerney.house.gov,RepMcNerney
292,0901,715049.0,Democrat,John B. Larson,0.4656,73884.0,496973.0,111042.0,1420.0,38270.0,404.0,40166.0,26774.0,125592.0,523004.0,CT-01,0.094,0.121,0.094,0.27699999999999997,0.141,0.113,https://larson.house.gov,RepJohnLarson
293,1217,789236.0,Republican,W. Gregory Steube,0.4670,51562.0,680864.0,56190.0,1324.0,10685.0,497.0,22463.0,17213.0,130252.0,615104.0,FL-17,0.209,0.17800000000000002,0.124,0.29,0.196,0.128,https://steube.house.gov,RepGregSteube
294,1709,721481.0,Democrat,Janice D. Schakowsky,0.5225,74614.0,507446.0,68026.0,1847.0,95553.0,771.0,22005.0,25833.0,81079.0,498242.0,IL-09,0.11,0.126,0.087,0.251,0.141,0.1,https://schakowsky.house.gov,JanSchakowsky
295,3913,707603.0,Democrat,Tim Ryan,0.4465,47346.0,580914.0,82532.0,977.0,15332.0,37.0,5696.0,22115.0,26042.0,559931.0,OH-13,0.102,0.21,0.122,0.349,0.19899999999999998,0.145,https://timryan.house.gov,RepTimRyan
296,4203,736340.0,Democrat,Dwight Evans,0.5471,49807.0,242730.0,407657.0,1523.0,44326.0,267.0,11151.0,28686.0,40023.0,564612.0,PA-03,0.113,0.214,0.131,0.327,0.21899999999999997,0.156,https://evans.house.gov,RepDwightEvans
297,4826,894192.0,Republican,Michael C. Burgess,0.4203,93697.0,681208.0,78576.0,7743.0,68168.0,590.0,21757.0,36150.0,169223.0,605249.0,TX-26,0.161,0.139,0.077,0.292,0.141,0.11699999999999999,https://burgess.house.gov,MichaelCBurgess
298,4600,882235.0,Republican,Dusty Johnson,0.4445,56274.0,740870.0,19057.0,78068.0,15023.0,51.0,5782.0,23384.0,33983.0,647089.0,SD-00,0.096,0.165,0.092,0.32,0.132,0.099,https://dustyjohnson.house.gov,RepDustyJohnson
299,0619,763028.0,Democrat,Zoe Lofgren,0.4532,106346.0,334224.0,23279.0,5242.0,222621.0,5519.0,128629.0,43514.0,302495.0,482363.0,CA-19,0.129,0.095,0.083,0.2,0.146,0.10099999999999999,https://lofgren.house.gov,RepZoeLofgren
300,0642,826801.0,Republican,Ken Calvert,0.4257,89086.0,529560.0,51664.0,5827.0,72564.0,2543.0,122252.0,42391.0,343578.0,538265.0,CA-42,0.12300000000000001,0.12,0.087,0.256,0.14,0.12,https://calvert.house.gov,KenCalvert
301,3404,748858.0,Republican,Christopher H. Smith,0.4811,84380.0,637678.0,48584.0,648.0,38402.0,92.0,12716.0,10738.0,76789.0,539643.0,NJ-04,0.099,0.141,0.096,0.27399999999999997,0.152,0.11800000000000001,https://chrissmith.house.gov,RepChrisSmith
302,0640,716470.0,Democrat,Lucille Roybal-Allard,0.4140,51725.0,410493.0,32673.0,4818.0,16858.0,721.0,233635.0,17272.0,627822.0,340435.0,CA-40,0.259,0.136,0.11,0.29,0.24100000000000002,0.14300000000000002,https://roybal-allard.house.gov,RepRoybalAllard
303,1714,742235.0,Democrat,Lauren Underwood,0.4097,94403.0,645869.0,28485.0,1023.0,28809.0,186.0,15912.0,21951.0,97239.0,525729.0,IL-14,0.08800000000000001,0.136,0.079,0.299,0.129,0.10400000000000001,https://underwood.house.gov,RepUnderwood
304,1805,784462.0,Republican,Victoria Spartz,0.4823,70977.0,651421.0,67551.0,1022.0,31488.0,466.0,9337.0,23177.0,37508.0,573500.0,IN-05,0.10300000000000001,0.174,0.099,0.316,0.159,0.127,https://spartz.house.gov,RepSpartz
305,2405,757621.0,Democrat,Steny H. Hoyer,0.3897,99738.0,358663.0,294783.0,2690.0,32124.0,0.0,40980.0,28381.0,75797.0,556897.0,MD-05,0.08800000000000001,0.136,0.096,0.344,0.132,0.115,https://hoyer.house.gov,LeaderHoyer
306,2614,704494.0,Democrat,Brenda L. Lawrence,0.5099,48176.0,244398.0,394916.0,1436.0,37231.0,672.0,7677.0,18164.0,33928.0,512851.0,MI-14,0.129,0.20800000000000002,0.142,0.35700000000000004,0.225,0.14800000000000002,https://lawrence.house.gov,RepLawrence
307,4804,759648.0,Republican,Pat Fallon,0.4576,55765.0,613711.0,84201.0,5608.0,9424.0,56.0,26424.0,20224.0,114300.0,543354.0,TX-04,0.17300000000000001,0.161,0.114,0.337,0.185,0.125,https://fallon.house.gov,RepPatFallon
308,5403,575576.0,Republican,Carol D. Miller,0.4803,36863.0,538546.0,23504.0,444.0,2317.0,169.0,1123.0,9473.0,4378.0,457623.0,WV-03,0.106,0.253,0.141,0.385,0.272,0.171,https://miller.house.gov,RepCarolMiller
309,3800,760077.0,Republican,Kelly Armstrong,0.4427,63837.0,651687.0,25896.0,41270.0,13749.0,339.0,9569.0,17567.0,27444.0,567351.0,ND-00,0.092,0.175,0.087,0.33,0.14400000000000002,0.102,https://armstrong.house.gov,RepArmstrongND
310,0504,704844.0,Republican,Bruce Westerman,0.4721,41230.0,524043.0,133604.0,4520.0,6461.0,590.0,20250.0,15376.0,44317.0,532069.0,AR-04,0.11800000000000001,0.21,0.127,0.35600000000000004,0.248,0.147,https://westerman.house.gov,RepWesterman
311,2001,698323.0,Republican,Tracey Mann,0.4352,50240.0,622552.0,22787.0,3875.0,11136.0,533.0,16097.0,21343.0,113508.0,502712.0,KS-01,0.159,0.16899999999999998,0.098,0.331,0.16399999999999998,0.115,https://mann.house.gov,RepMann
312,3604,729582.0,Democrat,Kathleen M. Rice,0.4335,107525.0,468149.0,111129.0,5570.0,53464.0,656.0,69259.0,21355.0,162277.0,506457.0,NY-04,0.10300000000000001,0.122,0.092,0.271,0.134,0.106,https://kathleenrice.house.gov,RepKathleenRice
313,3617,741445.0,Democrat,Mondaire Jones,0.4932,100128.0,516482.0,77079.0,1040.0,47212.0,163.0,76114.0,23355.0,159483.0,502861.0,NY-17,0.113,0.12,0.092,0.243,0.158,0.113,https://jones.house.gov,RepJones
314,4402,524725.0,Democrat,James R. Langevin,0.4436,70988.0,445730.0,24894.0,2634.0,19431.0,160.0,17113.0,14763.0,67657.0,407668.0,RI-02,0.084,0.14400000000000002,0.084,0.29,0.156,0.136,https://langevin.house.gov,JimLangevin
315,4507,732245.0,Republican,Tom Rice,0.4856,44192.0,494545.0,203864.0,6921.0,7786.0,96.0,7974.0,11059.0,31980.0,571428.0,SC-07,0.162,0.19,0.131,0.348,0.21100000000000002,0.14400000000000002,https://rice.house.gov,RepTomRice
316,4821,818281.0,Republican,Chip Roy,0.5027,70391.0,695090.0,32770.0,2881.0,29039.0,732.0,27933.0,29836.0,236012.0,622228.0,TX-21,0.18899999999999997,0.134,0.09300000000000001,0.28300000000000003,0.155,0.11800000000000001,https://roy.house.gov,RepChipRoy
317,4828,768719.0,Democrat,Henry Cuellar,0.4705,47134.0,682000.0,32159.0,1070.0,5791.0,145.0,31281.0,16273.0,602429.0,434305.0,TX-28,0.36700000000000005,0.166,0.146,0.396,0.281,0.14400000000000002,https://cuellar.house.gov,RepCuellar
318,0608,717107.0,Republican,Jay Obernolte,0.4578,54509.0,535884.0,61955.0,12982.0,23511.0,2262.0,47100.0,33413.0,292229.0,477512.0,CA-08,0.13699999999999998,0.141,0.10400000000000001,0.303,0.188,0.133,https://obernolte.house.gov,JayObernolte
319,1201,784532.0,Republican,Matt Gaetz,0.4540,59088.0,601815.0,106063.0,4133.0,22245.0,1815.0,14200.0,34261.0,53522.0,601423.0,FL-01,0.18,0.201,0.099,0.289,0.184,0.135,https://gaetz.house.gov,RepMattGaetz
320,4212,701192.0,Republican,Fred Keller,0.4355,53244.0,657365.0,14903.0,1746.0,13706.0,251.0,4106.0,9115.0,17337.0,551022.0,PA-12,0.077,0.19399999999999998,0.094,0.325,0.174,0.13699999999999998,https://keller.house.gov,RepFredKeller
321,4213,692835.0,Republican,John Joyce,0.4377,53955.0,647318.0,20284.0,729.0,3812.0,28.0,4340.0,16324.0,22858.0,545111.0,PA-13,0.071,0.188,0.099,0.318,0.174,0.129,https://johnjoyce.house.gov,RepJohnJoyce
322,0404,809426.0,Republican,Paul A. Gosar,0.4290,52481.0,723818.0,14247.0,11383.0,11679.0,2348.0,19206.0,26745.0,160649.0,633528.0,AZ-04,0.12300000000000001,0.17300000000000001,0.109,0.29100000000000004,0.182,0.12,https://gosar.house.gov,RepGosar
323,4001,803029.0,Republican,Kevin Hern,0.4723,56454.0,578684.0,70321.0,48932.0,24819.0,391.0,18950.0,60932.0,94133.0,565812.0,OK-01,0.155,0.18100000000000002,0.106,0.34700000000000003,0.17600000000000002,0.147,https://hern.house.gov,repkevinhern
324,0102,678122.0,Republican,Barry Moore,0.4763,48290.0,426674.0,217977.0,2838.0,7442.0,26.0,8158.0,15007.0,24953.0,516295.0,AL-02,0.162,0.19899999999999998,0.127,0.35600000000000004,0.23199999999999998,0.15,https://barrymoore.house.gov,RepBarryMoore
325,0626,728927.0,Democrat,Julia Brownley,0.4516,83594.0,590235.0,14078.0,4552.0,49488.0,1406.0,36272.0,32896.0,334782.0,480928.0,CA-26,0.138,0.111,0.095,0.21600000000000003,0.159,0.11800000000000001,https://juliabrownley.house.gov,RepBrownley
326,2604,704592.0,Republican,John R. Moolenaar,0.4483,51240.0,659539.0,13239.0,5200.0,7785.0,193.0,3736.0,14900.0,23557.0,554938.0,MI-04,0.091,0.185,0.096,0.344,0.162,0.13699999999999998,https://moolenaar.house.gov,RepMoolenaar
327,3606,734183.0,Democrat,Grace Meng,0.4597,68072.0,313127.0,28153.0,3609.0,292880.0,52.0,71968.0,24394.0,153419.0,448065.0,NY-06,0.127,0.11800000000000001,0.106,0.187,0.166,0.102,https://meng.house.gov,RepGraceMeng
328,4831,883347.0,Republican,John R. Carter,0.4109,73264.0,658842.0,109176.0,2772.0,47493.0,2160.0,20875.0,42029.0,221869.0,602236.0,TX-31,0.184,0.14400000000000002,0.09300000000000001,0.312,0.168,0.121,https://carter.house.gov,JudgeCarter
329,4214,684084.0,Republican,Guy Reschenthaler,0.4514,59519.0,641786.0,21422.0,380.0,6459.0,324.0,1309.0,12404.0,9612.0,551164.0,PA-14,0.066,0.191,0.1,0.324,0.17600000000000002,0.126,https://reschenthaler.house.gov,GReschenthaler
330,0616,749967.0,Democrat,Jim Costa,0.4639,47759.0,422040.0,39188.0,8028.0,69456.0,1664.0,182392.0,27199.0,460662.0,423147.0,CA-16,0.21,0.155,0.114,0.315,0.254,0.151,https://costa.house.gov,RepJimCosta
331,0617,777468.0,Democrat,Ro Khanna,0.4228,141217.0,222919.0,16541.0,3322.0,437632.0,1819.0,58748.0,36487.0,123567.0,438374.0,CA-17,0.085,0.079,0.073,0.157,0.105,0.081,https://khanna.house.gov,RepRoKhanna
332,2505,775135.0,Democrat,Katherine M. Clark,0.4805,100393.0,581993.0,43210.0,424.0,99306.0,181.0,22274.0,27747.0,76232.0,535109.0,MA-05,0.059000000000000004,0.107,0.07200000000000001,0.22699999999999998,0.11599999999999999,0.106,https://katherineclark.house.gov,RepKClark
333,2608,749011.0,Democrat,Elissa Slotkin,0.4552,72654.0,635322.0,43581.0,2612.0,37707.0,146.0,6424.0,23219.0,40479.0,554462.0,MI-08,0.085,0.155,0.083,0.276,0.131,0.13,https://slotkin.house.gov,RepSlotkin
334,3627,712904.0,Republican,Chris Jacobs,0.4374,64499.0,667423.0,16653.0,3644.0,7795.0,0.0,6789.0,10600.0,19233.0,564383.0,NY-27,0.073,0.156,0.087,0.271,0.14,0.115,https://jacobs.house.gov,
335,4704,798482.0,Republican,Scott DesJarlais,0.4264,53919.0,664963.0,76824.0,2861.0,14313.0,266.0,16834.0,22421.0,53007.0,590540.0,TN-04,0.154,0.215,0.109,0.34299999999999997,0.203,0.14,https://desjarlais.house.gov,DesJarlaisTN04
336,4803,899784.0,Republican,Van Taylor,0.4415,95413.0,604718.0,90453.0,4334.0,151334.0,154.0,22972.0,25819.0,135640.0,563318.0,TX-03,0.156,0.124,0.081,0.285,0.126,0.10400000000000001,https://vantaylor.house.gov,RepVanTaylor
337,4814,763380.0,Republican,"Randy K. Weber, Sr.",0.4807,61893.0,541303.0,149184.0,2489.0,23569.0,1184.0,24467.0,21184.0,194378.0,532153.0,TX-14,0.21100000000000002,0.175,0.11800000000000001,0.354,0.21,0.129,https://weber.house.gov,TXRandy14
338,5506,714886.0,Republican,Glenn Grothman,0.4454,59868.0,660186.0,15080.0,3448.0,17053.0,123.0,5516.0,13480.0,33423.0,556485.0,WI-06,0.081,0.158,0.078,0.319,0.133,0.10800000000000001,https://grothman.house.gov,RepGrothman
339,0624,738707.0,Democrat,Salud O. Carbajal,0.4762,75025.0,605269.0,14494.0,8054.0,35385.0,735.0,42148.0,32622.0,271396.0,508333.0,CA-24,0.133,0.12,0.083,0.26,0.154,0.124,https://carbajal.house.gov,RepCarbajal
340,0639,726541.0,Republican,Young Kim,0.4504,89695.0,366507.0,19667.0,5376.0,238123.0,919.0,64951.0,30998.0,242318.0,486713.0,CA-39,0.11,0.08800000000000001,0.08800000000000001,0.184,0.131,0.096,https://youngkim.house.gov,RepYoungKim
341,1216,852096.0,Republican,Vern Buchanan,0.4798,61838.0,709176.0,75971.0,2196.0,19208.0,480.0,25385.0,19680.0,157171.0,638769.0,FL-16,0.19699999999999998,0.161,0.105,0.262,0.174,0.12300000000000001,https://buchanan.house.gov,VernBuchanan
342,2609,715259.0,Democrat,Andy Levin,0.4613,61115.0,557129.0,103803.0,2686.0,30799.0,247.0,3152.0,17443.0,17951.0,552114.0,MI-09,0.084,0.18100000000000002,0.09699999999999999,0.303,0.166,0.13,https://andylevin.house.gov,RepAndyLevin
343,4834,727688.0,Democrat,Filemon Vela,0.4878,40275.0,671012.0,7703.0,1723.0,5342.0,166.0,34347.0,7395.0,618938.0,424863.0,TX-34,0.39,0.147,0.166,0.4,0.299,0.14300000000000002,https://vela.house.gov,RepFilemonVela
344,3711,768166.0,Republican,Madison Cawthorn,0.4732,47579.0,694680.0,22893.0,10898.0,8484.0,555.0,14037.0,16619.0,51563.0,604505.0,NC-11,0.145,0.17300000000000001,0.10400000000000001,0.297,0.17600000000000002,0.125,https://cawthorn.house.gov,RepCawthorn
345,1207,786041.0,Democrat,Stephanie N. Murphy,0.4814,64170.0,583016.0,87476.0,1127.0,42337.0,619.0,46104.0,25362.0,211449.0,581583.0,FL-07,0.213,0.158,0.08800000000000001,0.259,0.165,0.134,https://murphy.house.gov,RepStephMurphy
346,1710,711265.0,Democrat,Bradley Scott Schneider,0.5068,82099.0,493441.0,44334.0,3364.0,82379.0,422.0,67579.0,19746.0,169408.0,468255.0,IL-10,0.12300000000000001,0.14,0.08800000000000001,0.267,0.147,0.10800000000000001,https://schneider.house.gov,repschneider
347,2105,695105.0,Republican,Harold Rogers,0.4845,35409.0,674403.0,8772.0,982.0,1749.0,150.0,2106.0,6943.0,7561.0,537877.0,KY-05,0.09,0.255,0.129,0.379,0.27399999999999997,0.171,https://halrogers.house.gov,RepHalRogers
348,2401,741621.0,Republican,Andy Harris,0.4450,75706.0,604948.0,91106.0,996.0,15601.0,260.0,9267.0,19443.0,31974.0,567926.0,MD-01,0.073,0.15,0.096,0.321,0.14,0.11699999999999999,https://harris.house.gov,RepAndyHarrisMD
349,4815,795511.0,Democrat,Vicente Gonzalez,0.4784,46669.0,682610.0,17538.0,1876.0,9974.0,9.0,69565.0,13939.0,645358.0,435170.0,TX-15,0.395,0.152,0.151,0.418,0.27399999999999997,0.146,https://gonzalez.house.gov,RepGonzalez
350,1224,784469.0,Democrat,Frederica S. Wilson,0.4868,42147.0,337035.0,371721.0,354.0,11669.0,112.0,48308.0,15270.0,331349.0,477697.0,FL-24,0.303,0.203,0.13699999999999998,0.336,0.247,0.159,https://wilson.house.gov,RepWilson
351,3501,697064.0,Democrat,Debra A. Haaland,0.4923,50650.0,550912.0,19749.0,29381.0,18398.0,176.0,47764.0,30684.0,350078.0,514775.0,NM-01,0.15,0.16,0.08800000000000001,0.265,0.188,0.142,https://haaland.house.gov,RepDebHaaland
352,5304,735031.0,Republican,Dan Newhouse,0.4286,57560.0,552489.0,11227.0,19925.0,13040.0,559.0,107163.0,30628.0,292354.0,443137.0,WA-04,0.159,0.14800000000000002,0.099,0.34,0.201,0.136,https://newhouse.house.gov,RepNewhouse
353,0628,709450.0,Democrat,Adam B. Schiff,0.5339,71213.0,489020.0,15673.0,3765.0,92452.0,489.0,76475.0,31576.0,167571.0,502971.0,CA-28,0.115,0.111,0.083,0.218,0.136,0.111,https://schiff.house.gov,RepAdamSchiff
354,1718,700276.0,Republican,Darin LaHood,0.4468,65362.0,628155.0,29816.0,1320.0,20195.0,28.0,5299.0,15463.0,21322.0,531334.0,IL-18,0.083,0.154,0.091,0.322,0.147,0.11199999999999999,https://lahood.house.gov,RepLaHood
355,2206,790111.0,Republican,Garret Graves,0.4762,62288.0,547182.0,187266.0,2732.0,15350.0,176.0,13643.0,23762.0,34639.0,585015.0,LA-06,0.11199999999999999,0.18899999999999997,0.096,0.33,0.177,0.146,https://garretgraves.house.gov,RepGarretGraves
356,3712,880550.0,Democrat,Alma S. Adams,0.4646,57605.0,405087.0,333074.0,4034.0,48882.0,309.0,64917.0,24247.0,136316.0,591843.0,NC-12,0.188,0.156,0.095,0.324,0.166,0.133,https://adams.house.gov,RepAdams
357,4823,794879.0,Republican,Tony Gonzales,0.4847,53493.0,667536.0,30583.0,4834.0,19335.0,788.0,56224.0,15579.0,548671.0,507547.0,TX-23,0.32,0.153,0.138,0.353,0.253,0.132,https://gonzales.house.gov,RepTonyGonzales
358,4832,769852.0,Democrat,Colin Z. Allred,0.5098,75775.0,519270.0,102562.0,6032.0,72675.0,277.0,46780.0,22256.0,202062.0,505867.0,TX-32,0.19699999999999998,0.136,0.092,0.28300000000000003,0.149,0.11699999999999999,https://allred.house.gov,RepColinAllred
359,5106,755437.0,Republican,Ben Cline,0.4585,52925.0,624793.0,86070.0,1610.0,12942.0,101.0,6810.0,23111.0,44633.0,582756.0,VA-06,0.11800000000000001,0.171,0.102,0.319,0.168,0.125,https://cline.house.gov,RepBenCline
360,2602,743361.0,Republican,Bill Huizenga,0.4177,57769.0,625058.0,49717.0,5025.0,19487.0,298.0,18877.0,24899.0,70506.0,551323.0,MI-02,0.099,0.171,0.095,0.322,0.149,0.133,https://huizenga.house.gov,RepHuizenga
361,0645,797608.0,Democrat,Katie Porter,0.4710,105917.0,495939.0,12515.0,2200.0,203292.0,1134.0,42404.0,40124.0,159203.0,532802.0,CA-45,0.086,0.08900000000000001,0.077,0.17600000000000002,0.11699999999999999,0.098,https://porter.house.gov,RepKatiePorter
362,1302,665539.0,Democrat,"Sanford D. Bishop, Jr.",0.4856,38692.0,281955.0,340276.0,1289.0,7641.0,540.0,13586.0,20252.0,36737.0,498322.0,GA-02,0.228,0.212,0.13699999999999998,0.382,0.239,0.146,https://bishop.house.gov,SanfordBishop
363,3619,700310.0,Democrat,Antonio Delgado,0.4587,63663.0,614586.0,35432.0,1955.0,11050.0,11.0,15319.0,21957.0,57945.0,553713.0,NY-19,0.084,0.158,0.092,0.278,0.158,0.11900000000000001,https://delgado.house.gov,repdelgado
364,5105,739410.0,Republican,Bob Good,0.4949,55491.0,554054.0,140674.0,1832.0,14640.0,145.0,3402.0,24663.0,25036.0,578531.0,VA-05,0.12,0.17600000000000002,0.11599999999999999,0.33299999999999996,0.179,0.122,https://good.house.gov,RepBobGood
365,2506,780524.0,Democrat,Seth Moulton,0.4786,88537.0,659720.0,34650.0,1015.0,37038.0,375.0,27056.0,20670.0,83856.0,577241.0,MA-06,0.057,0.11199999999999999,0.08,0.242,0.122,0.10400000000000001,https://moulton.house.gov,teammoulton
366,3701,761087.0,Democrat,G. K. Butterfield,0.4878,45286.0,363018.0,330488.0,6460.0,16290.0,251.0,23023.0,21557.0,70296.0,566173.0,NC-01,0.198,0.188,0.12300000000000001,0.354,0.215,0.141,https://butterfield.house.gov,GKButterfield
367,1307,803976.0,Democrat,Carolyn Bourdeaux,0.4381,78693.0,434102.0,162756.0,6148.0,114858.0,45.0,60675.0,25392.0,158430.0,486845.0,GA-07,0.19899999999999998,0.14800000000000002,0.08800000000000001,0.282,0.152,0.111,https://bourdeaux.house.gov,RepBourdeaux
368,1803,747060.0,Republican,Jim Banks,0.4337,56051.0,646328.0,45994.0,2183.0,17695.0,630.0,12431.0,21799.0,46403.0,540022.0,IN-03,0.113,0.20199999999999999,0.10300000000000001,0.337,0.183,0.139,https://banks.house.gov,RepJimBanks
369,2611,733920.0,Democrat,Haley M. Stevens,0.4510,84954.0,586668.0,37402.0,1773.0,80740.0,44.0,6560.0,20733.0,24140.0,534817.0,MI-11,0.069,0.131,0.08,0.24100000000000002,0.114,0.107,https://stevens.house.gov,RepHaleyStevens
370,3611,732886.0,Republican,Nicole Malliotakis,0.4638,76068.0,498843.0,58687.0,958.0,107802.0,350.0,42546.0,23700.0,134490.0,500998.0,NY-11,0.109,0.147,0.096,0.24100000000000002,0.154,0.115,https://malliotakis.house.gov,RepMalliotakis
371,3909,716235.0,Democrat,Marcy Kaptur,0.4771,45073.0,533397.0,112356.0,3161.0,10655.0,503.0,19485.0,36678.0,84049.0,545749.0,OH-09,0.11800000000000001,0.222,0.122,0.366,0.20800000000000002,0.149,https://kaptur.house.gov,RepMarcyKaptur
372,4207,731168.0,Democrat,Susan Wild,0.4524,64859.0,592545.0,52692.0,2117.0,23923.0,1022.0,32316.0,26553.0,142642.0,552078.0,PA-07,0.09300000000000001,0.182,0.098,0.319,0.174,0.128,https://wild.house.gov,RepSusanWild
373,4822,935386.0,Republican,Troy E. Nehls,0.4452,88234.0,557965.0,136922.0,2278.0,181244.0,107.0,33809.0,23061.0,254441.0,577164.0,TX-22,0.184,0.125,0.094,0.282,0.151,0.10400000000000001,https://nehls.house.gov,RepTroyNehls
374,4829,765435.0,Democrat,Sylvia R. Garcia,0.4401,45133.0,558932.0,70548.0,4281.0,13968.0,645.0,107513.0,9548.0,612292.0,369239.0,TX-29,0.406,0.166,0.126,0.358,0.258,0.14400000000000002,https://sylviagarcia.house.gov,RepSylviaGarcia
375,0107,660468.0,Democrat,Terri Sewell,0.4965,37123.0,221541.0,416885.0,1907.0,5007.0,206.0,5937.0,8985.0,23310.0,504177.0,AL-07,0.204,0.22,0.156,0.40700000000000003,0.27399999999999997,0.17300000000000001,https://sewell.house.gov,RepTerriSewell
376,0605,730955.0,Democrat,Mike Thompson,0.4433,80810.0,453797.0,47271.0,5791.0,83384.0,2829.0,98453.0,39430.0,213555.0,508369.0,CA-05,0.106,0.11,0.087,0.243,0.147,0.113,https://mikethompson.house.gov,RepThompson
377,0622,771095.0,Republican,Devin Nunes,0.4657,61951.0,523341.0,26578.0,9579.0,62678.0,729.0,109998.0,38192.0,378325.0,483064.0,CA-22,0.16,0.125,0.096,0.278,0.20199999999999999,0.133,https://nunes.house.gov,RepDevinNunes
378,0638,716331.0,Democrat,Linda T. Sánchez,0.4199,74622.0,292100.0,26545.0,5145.0,122674.0,3907.0,242005.0,23955.0,439296.0,481296.0,CA-38,0.16399999999999998,0.095,0.095,0.223,0.16,0.105,https://lindasanchez.house.gov,RepLindaSanchez
379,0646,735139.0,Democrat,J. Luis Correa,0.4152,68177.0,420031.0,16625.0,4291.0,87238.0,906.0,188633.0,17415.0,496851.0,408633.0,CA-46,0.19,0.113,0.095,0.22699999999999998,0.193,0.125,https://correa.house.gov,reploucorrea
380,2907,783672.0,Republican,Billy Long,0.4660,45610.0,715501.0,16109.0,8968.0,9339.0,1376.0,7741.0,24638.0,41219.0,595559.0,MO-07,0.14300000000000002,0.20600000000000002,0.10099999999999999,0.32799999999999996,0.195,0.14300000000000002,https://long.house.gov,USRepLong
381,3704,871589.0,Democrat,David E. Price,0.4678,72739.0,525115.0,195920.0,3458.0,77259.0,283.0,37619.0,31935.0,89730.0,624834.0,NC-04,0.163,0.139,0.084,0.29,0.142,0.12300000000000001,https://price.house.gov,RepDavidEPrice
382,4833,777745.0,Democrat,Marc A. Veasey,0.4168,44286.0,461990.0,122972.0,4995.0,17897.0,701.0,152322.0,16868.0,524674.0,360226.0,TX-33,0.36200000000000004,0.179,0.132,0.376,0.28,0.153,https://veasey.house.gov,RepVeasey
383,4820,846337.0,Democrat,Joaquin Castro,0.4394,51714.0,698825.0,46037.0,8866.0,25393.0,310.0,40498.0,26408.0,595290.0,549483.0,TX-20,0.317,0.156,0.124,0.332,0.24,0.138,https://castro.house.gov,JoaquinCastrotx
384,0503,819235.0,Republican,Steve Womack,0.4880,52799.0,679803.0,25638.0,9847.0,25283.0,7769.0,45288.0,25607.0,120730.0,573113.0,AR-03,0.12,0.195,0.096,0.304,0.198,0.14300000000000002,https://womack.house.gov,Rep_SteveWomack
385,1807,760466.0,Democrat,André Carson,0.4593,44558.0,438167.0,235061.0,1900.0,24608.0,534.0,36106.0,24090.0,87750.0,521076.0,IN-07,0.153,0.20800000000000002,0.11800000000000001,0.358,0.203,0.149,https://carson.house.gov,RepAndreCarson
386,3402,703117.0,Republican,Jefferson Van Drew,0.4656,63145.0,524102.0,84924.0,2140.0,26713.0,255.0,42124.0,22859.0,115945.0,531339.0,NJ-02,0.12300000000000001,0.16899999999999998,0.115,0.32799999999999996,0.204,0.131,https://vandrew.house.gov,CongressmanJVD
387,3609,730957.0,Democrat,Yvette D. Clarke,0.5045,63759.0,262344.0,347766.0,1889.0,57532.0,80.0,36135.0,25211.0,81623.0,486880.0,NY-09,0.131,0.14400000000000002,0.113,0.257,0.18,0.125,https://clarke.house.gov,RepYvetteClarke
388,0650,751551.0,Republican,Darrell Issa,0.4478,75136.0,600933.0,17983.0,8873.0,37033.0,4939.0,44964.0,36826.0,246319.0,513522.0,CA-50,0.11199999999999999,0.114,0.084,0.22899999999999998,0.14300000000000002,0.114,https://issa.house.gov,
389,2302,652869.0,Democrat,Jared F. Golden,0.4557,46925.0,618817.0,6968.0,6657.0,4305.0,21.0,788.0,15313.0,9519.0,524036.0,ME-02,0.124,0.179,0.096,0.312,0.161,0.131,https://golden.house.gov,repgolden
390,1701,706550.0,Democrat,Bobby L. Rush,0.4855,55969.0,303613.0,354097.0,301.0,17443.0,103.0,19255.0,11738.0,75300.0,524114.0,IL-01,0.135,0.159,0.12300000000000001,0.34299999999999997,0.2,0.12,https://rush.house.gov,RepBobbyRush
391,1705,743699.0,Democrat,Mike Quigley,0.5049,87326.0,594110.0,22900.0,1120.0,63328.0,187.0,35743.0,26311.0,138791.0,545831.0,IL-05,0.113,0.126,0.069,0.247,0.124,0.102,https://quigley.house.gov,RepMikeQuigley
392,1707,707513.0,Democrat,Danny K. Davis,0.5636,56166.0,264669.0,323450.0,1095.0,52122.0,148.0,48385.0,17644.0,124242.0,522767.0,IL-07,0.158,0.17300000000000001,0.114,0.336,0.20600000000000002,0.128,https://davis.house.gov,RepDannyDavis
393,4502,717231.0,Republican,Joe Wilson,0.4503,58495.0,494348.0,176461.0,1504.0,14979.0,171.0,13521.0,16247.0,44177.0,537342.0,SC-02,0.141,0.16,0.109,0.332,0.17,0.13,https://joewilson.house.gov,RepJoeWilson
394,0904,739090.0,Democrat,James A. Himes,0.5586,93999.0,526763.0,89713.0,1848.0,44292.0,327.0,52346.0,23801.0,146040.0,496370.0,CT-04,0.106,0.11,0.077,0.221,0.11599999999999999,0.09300000000000001,https://himes.house.gov,JAHimes
395,1312,723334.0,Republican,Rick W. Allen,0.4954,45570.0,417208.0,252862.0,789.0,13873.0,1279.0,16403.0,20920.0,46212.0,540482.0,GA-12,0.204,0.193,0.11599999999999999,0.35100000000000003,0.203,0.139,https://allen.house.gov,reprickallen
396,2901,728365.0,Democrat,Cori Bush,0.4975,46850.0,315884.0,359940.0,1370.0,22653.0,566.0,7063.0,20889.0,24864.0,549361.0,MO-01,0.16899999999999998,0.218,0.11599999999999999,0.33899999999999997,0.21899999999999997,0.147,https://bush.house.gov,RepCori
397,3614,706440.0,Democrat,Alexandria Ocasio-Cortez,0.4483,60173.0,298774.0,77660.0,3261.0,120878.0,0.0,179865.0,26002.0,356722.0,392398.0,NY-14,0.19,0.136,0.10400000000000001,0.244,0.20199999999999999,0.11900000000000001,https://ocasio-cortez.house.gov,RepAOC
398,3713,788131.0,Republican,Ted Budd,0.4673,50928.0,541609.0,169358.0,5239.0,27733.0,395.0,19021.0,24776.0,63614.0,579274.0,NC-13,0.163,0.172,0.102,0.32299999999999995,0.17800000000000002,0.129,https://budd.house.gov,RepTedBudd
399,3000,1062305.0,Republican,Matthew M. Rosendale,0.4535,55328.0,941438.0,5056.0,68013.0,8517.0,990.0,5828.0,32463.0,41605.0,823668.0,MT-00,0.107,0.17300000000000001,0.081,0.266,0.152,0.12,https://rosendale.house.gov,RepRosendale
400,0630,766513.0,Democrat,Brad Sherman,0.4879,81437.0,475246.0,38904.0,3759.0,105314.0,533.0,104928.0,37829.0,219514.0,529846.0,CA-30,0.11,0.1,0.078,0.21100000000000002,0.124,0.10400000000000001,https://sherman.house.gov,BradSherman
401,1219,836359.0,Republican,Byron Donalds,0.5232,59366.0,711481.0,67922.0,1118.0,15582.0,491.0,29364.0,10401.0,173271.0,631233.0,FL-19,0.20800000000000002,0.14800000000000002,0.11699999999999999,0.261,0.185,0.122,https://donalds.house.gov,
402,1801,714756.0,Democrat,Frank J. Mrvan,0.4404,56794.0,492098.0,130246.0,1822.0,9931.0,405.0,53964.0,26290.0,113541.0,537218.0,IN-01,0.139,0.2,0.126,0.355,0.20800000000000002,0.141,https://mrvan.house.gov,RepMrvan
403,2502,745347.0,Democrat,James P. McGovern,0.4646,70311.0,613709.0,39762.0,1346.0,45415.0,618.0,18667.0,25830.0,77102.0,558962.0,MA-02,0.069,0.149,0.08199999999999999,0.263,0.146,0.131,https://mcgovern.house.gov,RepMcGovern
404,4813,711672.0,Republican,Ronny Jackson,0.4552,51480.0,606114.0,41595.0,5395.0,16293.0,861.0,23173.0,18241.0,196867.0,493390.0,TX-13,0.20199999999999999,0.16,0.111,0.344,0.19699999999999998,0.126,https://jackson.house.gov,RepRonnyJackson
405,4904,830801.0,Republican,Burgess Owens,0.3993,76474.0,668294.0,12913.0,6502.0,31199.0,10096.0,73182.0,28615.0,142571.0,518368.0,UT-04,0.149,0.094,0.064,0.251,0.126,0.114,https://owens.house.gov,RepBurgessOwens
406,0634,748812.0,Democrat,Jimmy Gomez,0.5037,47993.0,259995.0,44238.0,9874.0,151348.0,1538.0,256530.0,25289.0,454579.0,425520.0,CA-34,0.215,0.128,0.11199999999999999,0.252,0.214,0.129,https://gomez.house.gov,RepJimmyGomez
407,2508,764891.0,Democrat,Stephen F. Lynch,0.4720,91643.0,565686.0,85908.0,1504.0,66187.0,162.0,25469.0,19975.0,46510.0,561241.0,MA-08,0.06,0.139,0.085,0.245,0.133,0.114,https://lynch.house.gov,RepStephenLynch
408,2613,663867.0,Democrat,Rashida Tlaib,0.4833,34971.0,260452.0,356197.0,2240.0,9414.0,248.0,18839.0,16477.0,52763.0,474739.0,MI-13,0.146,0.253,0.151,0.387,0.255,0.16899999999999998,https://tlaib.house.gov,RepRashida
409,4103,841456.0,Democrat,Earl Blumenauer,0.4497,71602.0,665732.0,42053.0,7899.0,66538.0,5304.0,12169.0,41761.0,97391.0,627716.0,OR-03,0.114,0.16399999999999998,0.075,0.252,0.14400000000000002,0.14,https://blumenauer.house.gov,BlumenauerMedia
410,4811,782337.0,Republican,August Pfluger,0.4835,58983.0,676504.0,32729.0,6674.0,9738.0,298.0,39328.0,17066.0,305407.0,542570.0,TX-11,0.213,0.14400000000000002,0.11199999999999999,0.33399999999999996,0.188,0.11900000000000001,https://pfluger.house.gov,RepPfluger
411,5108,795467.0,Democrat,"Donald S. Beyer, Jr.",0.4444,110606.0,503803.0,121753.0,1744.0,91310.0,949.0,37495.0,38413.0,141997.0,533417.0,VA-08,0.134,0.122,0.076,0.23199999999999998,0.11800000000000001,0.105,https://beyer.house.gov,RepDonBeyer
412,5302,755546.0,Democrat,Rick Larsen,0.4311,70694.0,572849.0,23666.0,8211.0,74185.0,3994.0,25951.0,46690.0,87379.0,558321.0,WA-02,0.09699999999999999,0.138,0.08199999999999999,0.285,0.14800000000000002,0.12,https://larsen.house.gov,RepRickLarsen
413,0805,815466.0,Republican,Doug Lamborn,0.4393,66062.0,661068.0,48818.0,6866.0,21569.0,2631.0,26409.0,48105.0,135271.0,603967.0,CO-05,0.11,0.14800000000000002,0.066,0.225,0.129,0.12,https://lamborn.house.gov,RepDLamborn
414,1704,702062.0,Democrat,"Jesús G. ""Chuy"" García",0.4539,55305.0,420391.0,28977.0,3538.0,24719.0,188.0,204348.0,19901.0,475571.0,410804.0,IL-04,0.251,0.152,0.1,0.312,0.225,0.125,https://chuygarcia.house.gov,RepChuyGarcia
415,1713,704211.0,Republican,Rodney Davis,0.4735,51401.0,570733.0,77759.0,1086.0,31373.0,0.0,5983.0,17277.0,26122.0,539012.0,IL-13,0.10800000000000001,0.177,0.092,0.33799999999999997,0.16899999999999998,0.133,https://rodneydavis.house.gov,RodneyDavis
416,1806,719771.0,Republican,Greg Pence,0.4240,52777.0,668943.0,20547.0,731.0,12177.0,317.0,3867.0,13189.0,20114.0,549035.0,IN-06,0.10800000000000001,0.212,0.107,0.34600000000000003,0.19699999999999998,0.142,https://pence.house.gov,RepGregPence
417,3612,698928.0,Democrat,Carolyn B. Maloney,0.5510,110569.0,506188.0,36314.0,2940.0,98828.0,541.0,30592.0,23525.0,86523.0,530252.0,NY-12,0.099,0.11699999999999999,0.064,0.157,0.11800000000000001,0.11199999999999999,https://maloney.house.gov,RepMaloney
418,4807,775198.0,Democrat,Lizzie Fletcher,0.5217,72287.0,484785.0,118712.0,4713.0,88329.0,452.0,53747.0,24460.0,234636.0,448262.0,TX-07,0.23,0.132,0.08800000000000001,0.28300000000000003,0.149,0.11199999999999999,https://fletcher.house.gov,RepFletcher
419,1602,841258.0,Republican,Michael K. Simpson,0.4505,54462.0,761628.0,5175.0,8983.0,13083.0,733.0,26594.0,25062.0,122839.0,590690.0,ID-02,0.166,0.142,0.081,0.28800000000000003,0.146,0.126,https://simpson.house.gov,CongMikeSimpson
420,2002,713845.0,Republican,Jake LaTurner,0.4556,52133.0,617745.0,34044.0,11963.0,11689.0,255.0,7788.0,30361.0,48603.0,538594.0,KS-02,0.139,0.185,0.1,0.34,0.171,0.11900000000000001,https://laturner.house.gov,RepLaTurner
421,4903,773622.0,Republican,John R. Curtis,0.4519,74706.0,692923.0,7338.0,10730.0,15232.0,8159.0,15397.0,23843.0,83614.0,517848.0,UT-03,0.141,0.078,0.062,0.247,0.122,0.12,https://curtis.house.gov,RepJohnCurtis
422,0615,789174.0,Democrat,Eric Swalwell,0.4218,119997.0,314637.0,40917.0,3911.0,283643.0,9036.0,87236.0,49794.0,176316.0,503361.0,CA-15,0.09699999999999999,0.094,0.073,0.201,0.114,0.094,https://swalwell.house.gov,RepSwalwell
423,2603,749975.0,Republican,Peter Meijer,0.4657,60652.0,627466.0,61116.0,2878.0,15348.0,346.0,14900.0,27921.0,59860.0,551028.0,MI-03,0.099,0.168,0.092,0.315,0.14300000000000002,0.131,https://meijer.house.gov,RepMeijer
424,3407,730778.0,Democrat,Tom Malinowski,0.4643,118810.0,573645.0,36153.0,871.0,83376.0,126.0,19338.0,17269.0,93377.0,527076.0,NJ-07,0.09,0.12300000000000001,0.081,0.22899999999999998,0.132,0.107,https://malinowski.house.gov,RepMalinowski
425,3602,709605.0,Republican,Andrew R. Garbarino,0.4075,101171.0,555103.0,67496.0,3816.0,20864.0,435.0,41687.0,20204.0,169226.0,515987.0,NY-02,0.102,0.13,0.084,0.263,0.13699999999999998,0.11199999999999999,https://garbarino.house.gov,RepGarbarino
426,3618,722226.0,Democrat,Sean Patrick Maloney,0.4665,82731.0,550259.0,71762.0,1710.0,21323.0,426.0,50516.0,26230.0,128645.0,524373.0,NY-18,0.099,0.15,0.085,0.267,0.145,0.11599999999999999,https://seanmaloney.house.gov,RepSeanMaloney
427,3622,697372.0,Republican,Claudia Tenney,0.4474,54210.0,619968.0,30253.0,1584.0,22291.0,111.0,8045.0,15120.0,27245.0,539437.0,NY-22,0.08900000000000001,0.172,0.094,0.281,0.165,0.128,https://clerk.house.gov,RepTenney
428,3911,678001.0,Democrat,Marcia L. Fudge,0.5623,38747.0,269493.0,355642.0,1791.0,17489.0,327.0,8207.0,25052.0,29751.0,524803.0,OH-11,0.136,0.242,0.155,0.379,0.256,0.16,https://fudge.house.gov,RepMarciaFudge
429,4204,727449.0,Democrat,Madeleine Dean,0.4613,87168.0,578350.0,70160.0,305.0,47999.0,299.0,10186.0,20150.0,36269.0,543723.0,PA-04,0.066,0.139,0.085,0.253,0.128,0.113,https://dean.house.gov,RepDean
430,4825,786976.0,Republican,Roger Williams,0.5012,71031.0,637401.0,69290.0,3302.0,28624.0,306.0,22396.0,25657.0,149693.0,570238.0,TX-25,0.17300000000000001,0.142,0.091,0.302,0.155,0.12,https://williams.house.gov,RepRWilliams
431,5109,704831.0,Republican,H. Morgan Griffith,0.4723,41520.0,640740.0,36880.0,1624.0,11649.0,648.0,3036.0,10254.0,14305.0,567315.0,VA-09,0.11800000000000001,0.188,0.107,0.312,0.183,0.131,https://morgangriffith.house.gov,RepMGriffith
